	-- phpMyAdmin SQL Dump
	-- version 5.2.1
	-- https://www.phpmyadmin.net/
	--
	-- Máy chủ: 127.0.0.1
	-- Thời gian đã tạo: Th12 17, 2025 lúc 11:24 AM
	-- Phiên bản máy phục vụ: 10.4.32-MariaDB
	-- Phiên bản PHP: 8.2.12

	SET SQL_MODE = "NO_AUTO_VALUE_ON_ZERO";
	START TRANSACTION;
	SET time_zone = "+00:00";


	/*!40101 SET @OLD_CHARACTER_SET_CLIENT=@@CHARACTER_SET_CLIENT */;
	/*!40101 SET @OLD_CHARACTER_SET_RESULTS=@@CHARACTER_SET_RESULTS */;
	/*!40101 SET @OLD_COLLATION_CONNECTION=@@COLLATION_CONNECTION */;
	/*!40101 SET NAMES utf8mb4 */;

	--
	-- Cơ sở dữ liệu: `ql_chat_todo`
	--

	-- --------------------------------------------------------

	--
	-- Cấu trúc bảng cho bảng `ai_insights_logs`
	--

	CREATE TABLE `ai_insights_logs` (
	  `id` int(11) NOT NULL,
	  `user_id` int(11) NOT NULL,
	  `prompt` text NOT NULL,
	  `ai_result` longtext DEFAULT NULL,
	  `model` varchar(100) DEFAULT NULL,
	  `created_at` timestamp NOT NULL DEFAULT current_timestamp()
	) ENGINE=InnoDB DEFAULT CHARSET=utf8mb4 COLLATE=utf8mb4_general_ci;

	--
	-- Đang đổ dữ liệu cho bảng `ai_insights_logs`
	--

	INSERT INTO `ai_insights_logs` (`id`, `user_id`, `prompt`, `ai_result`, `model`, `created_at`) VALUES
	(1, 7, 'ưới đây là phân tích chi tiết về dự án \"Hệ thống quản lý công việc cho công ty X\":\r\n\r\n**1. Nhân sự cần**\r\n\r\nĐể thực hiện dự án này, chúng ta sẽ cần một đội ngũ nhân sự đa năng và có kinh nghiệm trong lĩnh vực phát triển phần mềm. Dưới đây là một số vị trí nhân sự cần thiết:\r\n\r\n* 1 Project Manager: chịu trách nhiệm quản lý dự án, đảm bảo tiến độ và ngân sách.\r\n* 2-3 Lập trình viên: phát triển hệ thống quản lý công việc, bao gồm cả backend và frontend.\r\n* 1-2 Tester: kiểm tra và đảm bảo chất lượng của hệ thống.\r\n* 1 Designer: thiết kế giao diện người dùng và trải nghiệm người dùng.\r\n* 1 DevOps: đảm bảo hệ thống được triển khai và vận hành ổn định.\r\n\r\nTổng cộng, dự án này sẽ cần khoảng 6-8 người.\r\n\r\n**2. Chi phí hợp lý**\r\n\r\nNgân sách dự kiến cho dự án là 5 VND, tuy nhiên, đây là một con số khá thấp so với độ phức tạp của dự án. Dưới đây là một số ước tính chi phí hợp lý:\r\n\r\n* Nhân sự: 200.000.000 - 300.000.000 VND (tùy thuộc vào kinh nghiệm và kỹ năng của nhân sự)\r\n* Thiết bị và phần mềm: 50.000.000 - 100.000.000 VND (tùy thuộc vào yêu cầu của dự án)\r\n* Chi phí khác (điện, nước, internet, v.v.): 20.000.000 - 50.000.000 VND\r\n\r\nTổng chi phí dự kiến: 270.000.000 - 450.000.000 VND\r\n\r\n**3. Timeline**\r\n\r\nDự án này có thời gian dự kiến là 5 tháng, tuy nhiên, đây là một khoảng thời gian khá紧 so với độ phức tạp của dự án. Dưới đây là một số mốc thời gian quan trọng:\r\n\r\n* Tháng 1: Khảo sát yêu cầu, thiết kế hệ thống và lập kế hoạch dự án.\r\n* Tháng 2-3: Phát triển hệ thống.\r\n* Tháng 4: Kiểm tra và đảm bảo chất lượng.\r\n* Tháng 5: Triển khai và vận hành hệ thống.\r\n\r\n**4. Rủi ro & giải pháp**\r\n\r\nDưới đây là một số rủi ro và giải pháp có thể xảy ra:\r\n\r\n* Rủi ro: Thiếu nhân sự hoặc nhân sự không đủ kinh nghiệm.\r\nGiải pháp: Tuyển dụng nhân sự bổ sung hoặc đào tạo nhân sự hiện tại.\r\n* Rủi ro: Dự án bị chậm tiến độ.\r\nGiải pháp: Tăng cường quản lý dự án, phân bổ nguồn lực hợp lý và thường xuyên kiểm tra tiến độ.\r\n* Rủi ro: Hệ thống không đáp ứng yêu cầu.\r\nGiải pháp: Khảo sát yêu cầu kỹ lưỡng, thiết kế hệ thống cẩn thận và kiểm tra chất lượng thường xuyên.\r\n\r\n**5. Gợi ý sử dụng AI**\r\n\r\nDưới đây là một số gợi ý sử dụng AI trong dự án này:\r\n\r\n* Sử dụng AI để tự động hóa một số công việc quản lý công việc, chẳng hạn như phân loại và sắp xếp công việc.\r\n* Sử dụng AI để phân tích dữ liệu và đưa ra quyết định dựa trên dữ liệu.\r\n* Sử dụng AI để cải thiện trải nghiệm người dùng, chẳng hạn như sử dụng chatbot để hỗ trợ người dùng.\r\n\r\nTuy nhiên, cần lưu ý rằng việc sử dụng AI cũng cần phải được xem xét kỹ lưỡng và đảm bảo rằng nó phù hợp với yêu cầu và mục tiêu của dự án.', 'Cảm ơn bạn đã cung cấp thông tin chi tiết về dự án \"Hệ thống quản lý công việc cho công ty X\". Dưới đây là một số phân tích và góp ý dựa trên thông tin bạn đã cung cấp:\n\n**1. Nhân sự cần**: Đội ngũ nhân sự bạn đề xuất dường như là phù hợp với yêu cầu của dự án. Tuy nhiên, bạn nên xem xét kỹ lưỡng về kinh nghiệm và kỹ năng của từng thành viên trong đội ngũ để đảm bảo rằng họ có thể thực hiện dự án một cách hiệu quả.\n\n**2. Chi phí hợp lý**: Ngân sách dự kiến của bạn dường như là thấp so với độ phức tạp của dự án. Bạn nên xem xét lại ngân sách và đảm bảo rằng nó đủ để đáp ứng tất cả các yêu cầu của dự án.\n\n**3. Timeline**: Thời gian dự kiến của bạn dường như là khá紧 so với độ phức tạp của dự án. Bạn nên xem xét lại timeline và đảm bảo rằng nó đủ để thực hiện dự án một cách hiệu quả.\n\n**4. Rủi ro & giải pháp**: Bạn đã đề xuất một số rủi ro và giải pháp có thể xảy ra. Tuy nhiên, bạn nên xem xét lại và đảm bảo rằng bạn đã đề xuất tất cả các rủi ro và giải pháp có thể xảy ra.\n\n**5. Gợi ý sử dụng AI**: Sử dụng AI trong dự án này có thể giúp cải thiện hiệu suất và trải nghiệm người dùng. Tuy nhiên, bạn nên xem xét lại và đảm bảo rằng việc sử dụng AI phù hợp với yêu cầu và mục tiêu của dự án.\n\nMột số góp ý thêm:\n\n* Bạn nên xem xét lại yêu cầu của dự án và đảm bảo rằng bạn đã hiểu rõ về yêu cầu của công ty X.\n* Bạn nên thiết lập một kế hoạch dự án chi tiết và đảm bảo rằng tất cả các thành viên trong đội ngũ hiểu rõ về kế hoạch dự án.\n* Bạn nên thường xuyên kiểm tra tiến độ và đảm bảo rằng dự án đang được thực hiện theo kế hoạch.\n* Bạn nên xem xét lại ngân sách và đảm bảo rằng nó đủ để đáp ứng tất cả các yêu cầu của dự án.\n\nHy vọng những góp ý này sẽ giúp bạn thực hiện dự án \"Hệ thống quản lý công việc cho công ty X\" một cách hiệu quả.', 'llama-3.3-70b-free', '2025-12-14 11:24:36');

	-- --------------------------------------------------------

	--
	-- Cấu trúc bảng cho bảng `ai_model_compare_logs`
	--

	CREATE TABLE `ai_model_compare_logs` (
	  `id` int(11) NOT NULL,
	  `user_id` int(11) NOT NULL,
	  `prompt` text NOT NULL,
	  `models` text NOT NULL,
	  `results` longtext NOT NULL,
	  `created_at` timestamp NOT NULL DEFAULT current_timestamp()
	) ENGINE=InnoDB DEFAULT CHARSET=utf8mb4 COLLATE=utf8mb4_general_ci;

	--
	-- Đang đổ dữ liệu cho bảng `ai_model_compare_logs`
	--

	INSERT INTO `ai_model_compare_logs` (`id`, `user_id`, `prompt`, `models`, `results`, `created_at`) VALUES
	(1, 7, 'Dưới đây là phân tích chi tiết về dự án Hệ thống quản lý phòng trọ và thanh toán tự động cho chủ trọ:\r\n\r\n**1. Nhân sự cần:**\r\n\r\nĐể thực hiện dự án này, cần có các nhân sự sau:\r\n\r\n* 1 Project Manager: chịu trách nhiệm quản lý dự án, lên kế hoạch, phân bổ nguồn lực và đảm bảo dự án được hoàn thành đúng tiến độ và ngân sách.\r\n* 2 Developer: chịu trách nhiệm phát triển hệ thống, bao gồm cả backend và frontend.\r\n* 1 Designer: chịu trách nhiệm thiết kế giao diện người dùng và trải nghiệm người dùng.\r\n* 1 Tester: chịu trách nhiệm kiểm tra và đảm bảo hệ thống hoạt động đúng như yêu cầu.\r\n* 1 Consultant: có kinh nghiệm trong lĩnh vực quản lý phòng trọ và thanh toán tự động, giúp tư vấn và đảm bảo hệ thống đáp ứng được nhu cầu của chủ trọ.\r\n\r\nTổng cộng cần 6 nhân sự.\r\n\r\n**2. Chi phí hợp lý:**\r\n\r\nDựa trên kinh nghiệm và thị trường, dưới đây là ước tính chi phí hợp lý cho dự án:\r\n\r\n* Project Manager: 50.000.000 VND/tháng x 5 tháng = 250.000.000 VND\r\n* Developer: 40.000.000 VND/tháng x 5 tháng x 2 người = 400.000.000 VND\r\n* Designer: 30.000.000 VND/tháng x 3 tháng = 90.000.000 VND\r\n* Tester: 25.000.000 VND/tháng x 2 tháng = 50.000.000 VND\r\n* Consultant: 20.000.000 VND/tháng x 1 tháng = 20.000.000 VND\r\n* Thiết bị và phần mềm: 50.000.000 VND\r\n* Khác (điện, nước, internet,...): 20.000.000 VND\r\n\r\nTổng chi phí ước tính: 880.000.000 VND\r\n\r\nSo với ngân sách dự kiến 3.000.000.000 VND, chi phí ước tính trên là hợp lý và còn dư khoảng 1.120.000.000 VND cho các chi phí phát sinh khác.\r\n\r\n**3. Timeline:**\r\n\r\nDưới đây là kế hoạch thời gian cho dự án:\r\n\r\n* Tháng 1: Lập kế hoạch dự án, lên yêu cầu và thiết kế hệ thống\r\n* Tháng 2-3: Phát triển hệ thống\r\n* Tháng 4: Kiểm tra và thử nghiệm hệ thống\r\n* Tháng 5: Triển khai hệ thống và đào tạo cho chủ trọ\r\n\r\n**4. Rủi ro & giải pháp:**\r\n\r\nMột số rủi ro có thể xảy ra trong dự án:\r\n\r\n* Rủi ro về thời gian: chậm trễ trong phát triển hệ thống có thể dẫn đến chậm trễ trong việc hoàn thành dự án.\r\n* Rủi ro về ngân sách: chi phí phát sinh ngoài dự kiến có thể dẫn đến vượt ngân sách.\r\n* Rủi ro về chất lượng: hệ thống không đáp ứng được nhu cầu của chủ trọ.\r\n\r\nGiải pháp:\r\n\r\n* Để giảm thiểu rủi ro về thời gian, cần lập kế hoạch chi tiết và theo dõi tiến độ thường xuyên.\r\n* Để giảm thiểu rủi ro về ngân sách, cần ước tính chi phí chính xác và dự trù chi phí phát sinh.\r\n* Để giảm thiểu rủi ro về chất lượng, cần có tư vấn từ chuyên gia trong lĩnh vực quản lý phòng trọ và thanh toán tự động, và cần có quá trình kiểm tra và thử nghiệm nghiêm ngặt.\r\n\r\n**5. Gợi ý sử dụng AI:**\r\n\r\nDự án có thể ứng dụng AI trong các lĩnh vực sau:\r\n\r\n* Hệ thống thanh toán tự động: có thể sử dụng AI để nhận diện và xử lý các giao dịch tự động.\r\n* Hệ thống quản lý phòng trọ: có thể sử dụng AI để phân tích dữ liệu và đưa ra các quyết định tự động về quản lý phòng trọ.\r\n* Trợ lý ảo: có thể sử dụng AI để tạo ra các trợ lý ảo hỗ trợ chủ trọ trong việc quản lý phòng trọ.\r\n\r\nTuy nhiên, cần phải đánh giá kỹ lưỡng về lợi ích và chi phí của việc ứng dụng AI trong dự án.', '[\"google\\/gemini-flash-1.5\",\"openai\\/gpt-4o-mini\"]', '{\"google\\/gemini-flash-1.5\":\"❌ API ERROR (404)\",\"openai\\/gpt-4o-mini\":null}', '2025-12-06 18:16:29'),
	(2, 7, 'Dưới đây là phân tích chi tiết về dự án Hệ thống quản lý phòng trọ và thanh toán tự động cho chủ trọ:\r\n\r\n**1. Nhân sự cần:**\r\n\r\nĐể thực hiện dự án này, cần có các nhân sự sau:\r\n\r\n* 1 Project Manager: chịu trách nhiệm quản lý dự án, lên kế hoạch, phân bổ nguồn lực và đảm bảo dự án được hoàn thành đúng tiến độ và ngân sách.\r\n* 2 Developer: chịu trách nhiệm phát triển hệ thống, bao gồm cả backend và frontend.\r\n* 1 Designer: chịu trách nhiệm thiết kế giao diện người dùng và trải nghiệm người dùng.\r\n* 1 Tester: chịu trách nhiệm kiểm tra và đảm bảo hệ thống hoạt động đúng như yêu cầu.\r\n* 1 Consultant: có kinh nghiệm trong lĩnh vực quản lý phòng trọ và thanh toán tự động, giúp tư vấn và đảm bảo hệ thống đáp ứng được nhu cầu của chủ trọ.\r\n\r\nTổng cộng cần 6 nhân sự.\r\n\r\n**2. Chi phí hợp lý:**\r\n\r\nDựa trên kinh nghiệm và thị trường, dưới đây là ước tính chi phí hợp lý cho dự án:\r\n\r\n* Project Manager: 50.000.000 VND/tháng x 5 tháng = 250.000.000 VND\r\n* Developer: 40.000.000 VND/tháng x 5 tháng x 2 người = 400.000.000 VND\r\n* Designer: 30.000.000 VND/tháng x 3 tháng = 90.000.000 VND\r\n* Tester: 25.000.000 VND/tháng x 2 tháng = 50.000.000 VND\r\n* Consultant: 20.000.000 VND/tháng x 1 tháng = 20.000.000 VND\r\n* Thiết bị và phần mềm: 50.000.000 VND\r\n* Khác (điện, nước, internet,...): 20.000.000 VND\r\n\r\nTổng chi phí ước tính: 880.000.000 VND\r\n\r\nSo với ngân sách dự kiến 3.000.000.000 VND, chi phí ước tính trên là hợp lý và còn dư khoảng 1.120.000.000 VND cho các chi phí phát sinh khác.\r\n\r\n**3. Timeline:**\r\n\r\nDưới đây là kế hoạch thời gian cho dự án:\r\n\r\n* Tháng 1: Lập kế hoạch dự án, lên yêu cầu và thiết kế hệ thống\r\n* Tháng 2-3: Phát triển hệ thống\r\n* Tháng 4: Kiểm tra và thử nghiệm hệ thống\r\n* Tháng 5: Triển khai hệ thống và đào tạo cho chủ trọ\r\n\r\n**4. Rủi ro & giải pháp:**\r\n\r\nMột số rủi ro có thể xảy ra trong dự án:\r\n\r\n* Rủi ro về thời gian: chậm trễ trong phát triển hệ thống có thể dẫn đến chậm trễ trong việc hoàn thành dự án.\r\n* Rủi ro về ngân sách: chi phí phát sinh ngoài dự kiến có thể dẫn đến vượt ngân sách.\r\n* Rủi ro về chất lượng: hệ thống không đáp ứng được nhu cầu của chủ trọ.\r\n\r\nGiải pháp:\r\n\r\n* Để giảm thiểu rủi ro về thời gian, cần lập kế hoạch chi tiết và theo dõi tiến độ thường xuyên.\r\n* Để giảm thiểu rủi ro về ngân sách, cần ước tính chi phí chính xác và dự trù chi phí phát sinh.\r\n* Để giảm thiểu rủi ro về chất lượng, cần có tư vấn từ chuyên gia trong lĩnh vực quản lý phòng trọ và thanh toán tự động, và cần có quá trình kiểm tra và thử nghiệm nghiêm ngặt.\r\n\r\n**5. Gợi ý sử dụng AI:**\r\n\r\nDự án có thể ứng dụng AI trong các lĩnh vực sau:\r\n\r\n* Hệ thống thanh toán tự động: có thể sử dụng AI để nhận diện và xử lý các giao dịch tự động.\r\n* Hệ thống quản lý phòng trọ: có thể sử dụng AI để phân tích dữ liệu và đưa ra các quyết định tự động về quản lý phòng trọ.\r\n* Trợ lý ảo: có thể sử dụng AI để tạo ra các trợ lý ảo hỗ trợ chủ trọ trong việc quản lý phòng trọ.\r\n\r\nTuy nhiên, cần phải đánh giá kỹ lưỡng về lợi ích và chi phí của việc ứng dụng AI trong dự án.', '[\"google\\/gemini-flash-1.5\",\"mistral\\/mistral-large\",\"openai\\/gpt-4o-mini\"]', '{\"google\\/gemini-flash-1.5\":\"❌ API ERROR (404)\",\"mistral\\/mistral-large\":\"❌ API ERROR (400)\",\"openai\\/gpt-4o-mini\":\"Dưới đây là những điểm nổi bật và khuyến nghị cho dự án Hệ thống quản lý phòng trọ và thanh toán tự động:\\n\\n### 1. Nhân Sự\\nCấu trúc nhân sự dự kiến tương đối hợp lý, với sự phân chia rõ ràng các vai trò và trách nhiệm. Điều này sẽ giúp cho dự án được triển khai mạch lạc và hiệu quả. Một số khuyến nghị bổ sung:\\n- **Hỗ trợ kỹ thuật:** Có thể cần thêm một Developer hỗ trợ hoặc một DevOps để quản lý triển khai và duy trì hệ thống.\\n- **Chuyên gia tư vấn:** Nên làm rõ vai trò của Consultant có thể là một người có kinh nghiệm hơn trong phát triển phần mềm hoặc có kinh nghiệm thực tiễn trong việc quản lý hệ thống.\\n\\n### 2. Chi Phí Hợp Lý\\nChi phí được ước tính có vẻ hợp lý, và với việc có dư ngân sách lớn, bạn có thể cân nhắc đầu tư cho các tính năng tối ưu hơn hoặc các khía cạnh khác của dự án. Một số điểm cần lưu ý:\\n- **Dự trù rủi ro chi phí:** Nên có một quỹ khẩn cấp (10-15% tổng ngân sách) cho những chi phí ngoài dự kiến.\\n- **Chi phí bảo trì sau triển khai:** Không chỉ chi phí cho việc phát triển, hãy nhớ đến các chi phí cho bảo trì trong tương lai.\\n\\n### 3. Timeline\\nTimeline có vẻ hợp lý với các giai đoạn rõ ràng. Để đảm bảo tính khả thi:\\n- **Thêm kiểm tra định kỳ:** Đưa vào các mốc kiểm tra tiến độ hàng tháng để đánh giá sự tiến triển của dự án, có thể điều chỉnh nếu cần thiết.\\n- **Thử nghiệm người dùng:** Có thể đưa ra một giai đoạn thử nghiệm với người dùng trước khi triển khai toàn bộ vào cuối tháng 5.\\n\\n### 4. Rủi Ro & Giải Pháp\\nCác rủi ro đã nêu ra là rất thực tế, và những giải pháp đưa ra cũng hợp lý. Một số giải pháp bổ sung có thể bao gồm:\\n- **Sử dụng công cụ quản lý dự án:** Áp dụng phần mềm quản lý dự án (như Jira, Trello) để theo dõi tiến độ và tasks có thể giúp dễ dàng phát hiện rủi ro.\\n- **Bảng điều khiển KPI:** Xác định và theo dõi một số KPI có thể giúp điều chỉnh hướng đi dự án kịp thời.\\n\\n### 5. Gợi Ý Sử Dụng AI\\nViệc tích hợp AI có thể mang đến nhiều lợi ích. Mặc dù vậy, hãy chắc chắn rằng:\\n- **Đánh giá ROI:** Trước khi đầu tư vào AI, hãy phân tích chi tiết để đảm bảo rằng lợi ích vượt xa chi phí.\\n- **Giáo dục và đào tạo:** Đảm bảo rằng nhân viên chủ trọ sẽ được đào tạo để sử dụng công nghệ mới này, để đạt hiệu quả cao nhất.\\n\\n### Kết Luận\\nDự án này có tiềm năng lớn trong việc tăng cường quản lý phòng trọ và tạo ra trải nghiệm thuận lợi cho chủ trọ cũng như người thuê. Bằng cách bổ sung những yếu tố đã đề xuất, dự án sẽ có khả năng thành công cao hơn và đáp ứng được nhu cầu thực tế của thị trường.\"}', '2025-12-06 18:16:46'),
	(3, 7, 'Dưới đây là phân tích chi tiết về dự án Hệ thống quản lý phòng trọ và thanh toán tự động cho chủ trọ:\r\n\r\n**1. Nhân sự cần:**\r\n\r\nĐể thực hiện dự án này, cần có các nhân sự sau:\r\n\r\n* 1 Project Manager: chịu trách nhiệm quản lý dự án, lên kế hoạch, phân bổ nguồn lực và đảm bảo dự án được hoàn thành đúng tiến độ và ngân sách.\r\n* 2 Developer: chịu trách nhiệm phát triển hệ thống, bao gồm cả backend và frontend.\r\n* 1 Designer: chịu trách nhiệm thiết kế giao diện người dùng và trải nghiệm người dùng.\r\n* 1 Tester: chịu trách nhiệm kiểm tra và đảm bảo hệ thống hoạt động đúng như yêu cầu.\r\n* 1 Consultant: có kinh nghiệm trong lĩnh vực quản lý phòng trọ và thanh toán tự động, giúp tư vấn và đảm bảo hệ thống đáp ứng được nhu cầu của chủ trọ.\r\n\r\nTổng cộng cần 6 nhân sự.\r\n\r\n**2. Chi phí hợp lý:**\r\n\r\nDựa trên kinh nghiệm và thị trường, dưới đây là ước tính chi phí hợp lý cho dự án:\r\n\r\n* Project Manager: 50.000.000 VND/tháng x 5 tháng = 250.000.000 VND\r\n* Developer: 40.000.000 VND/tháng x 5 tháng x 2 người = 400.000.000 VND\r\n* Designer: 30.000.000 VND/tháng x 3 tháng = 90.000.000 VND\r\n* Tester: 25.000.000 VND/tháng x 2 tháng = 50.000.000 VND\r\n* Consultant: 20.000.000 VND/tháng x 1 tháng = 20.000.000 VND\r\n* Thiết bị và phần mềm: 50.000.000 VND\r\n* Khác (điện, nước, internet,...): 20.000.000 VND\r\n\r\nTổng chi phí ước tính: 880.000.000 VND\r\n\r\nSo với ngân sách dự kiến 3.000.000.000 VND, chi phí ước tính trên là hợp lý và còn dư khoảng 1.120.000.000 VND cho các chi phí phát sinh khác.\r\n\r\n**3. Timeline:**\r\n\r\nDưới đây là kế hoạch thời gian cho dự án:\r\n\r\n* Tháng 1: Lập kế hoạch dự án, lên yêu cầu và thiết kế hệ thống\r\n* Tháng 2-3: Phát triển hệ thống\r\n* Tháng 4: Kiểm tra và thử nghiệm hệ thống\r\n* Tháng 5: Triển khai hệ thống và đào tạo cho chủ trọ\r\n\r\n**4. Rủi ro & giải pháp:**\r\n\r\nMột số rủi ro có thể xảy ra trong dự án:\r\n\r\n* Rủi ro về thời gian: chậm trễ trong phát triển hệ thống có thể dẫn đến chậm trễ trong việc hoàn thành dự án.\r\n* Rủi ro về ngân sách: chi phí phát sinh ngoài dự kiến có thể dẫn đến vượt ngân sách.\r\n* Rủi ro về chất lượng: hệ thống không đáp ứng được nhu cầu của chủ trọ.\r\n\r\nGiải pháp:\r\n\r\n* Để giảm thiểu rủi ro về thời gian, cần lập kế hoạch chi tiết và theo dõi tiến độ thường xuyên.\r\n* Để giảm thiểu rủi ro về ngân sách, cần ước tính chi phí chính xác và dự trù chi phí phát sinh.\r\n* Để giảm thiểu rủi ro về chất lượng, cần có tư vấn từ chuyên gia trong lĩnh vực quản lý phòng trọ và thanh toán tự động, và cần có quá trình kiểm tra và thử nghiệm nghiêm ngặt.\r\n\r\n**5. Gợi ý sử dụng AI:**\r\n\r\nDự án có thể ứng dụng AI trong các lĩnh vực sau:\r\n\r\n* Hệ thống thanh toán tự động: có thể sử dụng AI để nhận diện và xử lý các giao dịch tự động.\r\n* Hệ thống quản lý phòng trọ: có thể sử dụng AI để phân tích dữ liệu và đưa ra các quyết định tự động về quản lý phòng trọ.\r\n* Trợ lý ảo: có thể sử dụng AI để tạo ra các trợ lý ảo hỗ trợ chủ trọ trong việc quản lý phòng trọ.\r\n\r\nTuy nhiên, cần phải đánh giá kỹ lưỡng về lợi ích và chi phí của việc ứng dụng AI trong dự án.', '[\"google\\/gemini-flash-1.5\",\"mistral\\/mistral-large\",\"openai\\/gpt-4o-mini\"]', '{\"google\\/gemini-flash-1.5\":\"❌ API ERROR (404)\",\"mistral\\/mistral-large\":\"❌ API ERROR (400)\",\"openai\\/gpt-4o-mini\":\"Dưới đây là phân tích và tổng quan dự án Hệ thống quản lý phòng trọ và thanh toán tự động cho chủ trọ:\\n\\n### 1. **Nhân sự cần thiết**\\nDự án này yêu cầu có đội ngũ nhân sự với các chuyên môn khác nhau, bao gồm:\\n- **1 Project Manager**: Đảm bảo sự phối hợp giữa các thành viên, quản lý ngân sách và tiến độ dự án.\\n- **2 Developer**: Phát triển hệ thống, một người sẽ đảm nhiệm backend và một người đảm trách frontend.\\n- **1 Designer**: Thiết kế giao diện thân thiện và dễ sử dụng cho người dùng.\\n- **1 Tester**: Đảm bảo hệ thống hoạt động ổn định và đáp ứng yêu cầu.\\n- **1 Consultant**: Cung cấp kiến thức chuyên môn nhằm tạo ra giải pháp phù hợp với nhu cầu thực tế của chủ trọ.\\n\\n### 2. **Chi phí hợp lý**\\nDưới đây là ước tính chi phí cho từng vị trí:\\n- **Project Manager**: 250.000.000 VND (50.000.000 VND\\/tháng x 5 tháng)\\n- **Developers**: 400.000.000 VND (40.000.000 VND\\/tháng x 5 tháng x 2 người)\\n- **Designer**: 90.000.000 VND (30.000.000 VND\\/tháng x 3 tháng)\\n- **Tester**: 50.000.000 VND (25.000.000 VND\\/tháng x 2 tháng)\\n- **Consultant**: 20.000.000 VND (20.000.000 VND\\/tháng x 1 tháng)\\n- **Thiết bị và phần mềm**: 50.000.000 VND\\n- **Chi phí khác**: 20.000.000 VND\\n\\n**Tổng chi phí ước tính**: 880.000.000 VND. So với ngân sách dự kiến 3.000.000.000 VND, ngân sách còn lại là 1.120.000.000 VND, cho phép linh hoạt cho các chi phí phát sinh khác.\\n\\n### 3. **Timeline**\\nKế hoạch triển khai dự án được chia thành các giai đoạn cụ thể:\\n- **Tháng 1**: Lập kế hoạch và thiết kế yêu cầu.\\n- **Tháng 2-3**: Phát triển hệ thống.\\n- **Tháng 4**: Kiểm tra và sửa lỗi hệ thống.\\n- **Tháng 5**: Triển khai và đào tạo người dùng.\\n\\n### 4. **Rủi ro & giải pháp**\\nDự án có thể đối mặt với một số rủi ro như:\\n- **Thời gian**: Phát triển hệ thống chậm có thể ảnh hưởng đến thời gian triển khai.\\n- **Ngân sách**: Chi phí tăng có thể khiến vượt ngân sách ban đầu.\\n- **Chất lượng**: Hệ thống không đáp ứng yêu cầu của người dùng có thể gây thất bại.\\n\\n**Giải pháp đề xuất**:\\n- Thiết lập lịch trình và mốc thời gian rõ ràng, kiểm tra tiến độ thường xuyên.\\n- Tính toán chi phí dự kiến và thiết lập quỹ dự phòng các chi phí phát sinh.\\n- Nâng cao chất lượng thông qua tư vấn chuyên môn và kiểm tra chất lượng nghiêm ngặt.\\n\\n### 5. **Gợi ý sử dụng AI**\\nCác giải pháp AI có thể được áp dụng vào hệ thống để nâng cao hiệu quả:\\n- **Hệ thống thanh toán tự động**: Sử dụng AI để cải thiện tốc độ và độ chính xác trong thanh toán.\\n- **Quản lý phòng trọ**: Phân tích dữ liệu tự động để tối ưu hóa quy trình quản lý.\\n- **Trợ lý ảo**: Giúp chủ trọ tương tác và quản lý phòng trọ dễ dàng hơn.\\n\\n### Kết luận\\nDự án Hệ thống quản lý phòng trọ và thanh toán tự động có tiềm năng lớn trong việc tối ưu hóa hoạt động cho chủ trọ và người thuê. Những yếu tố chuẩn bị và ứng dụng công nghệ hiện đại sẽ góp phần tạo ra một sản phẩm đạt chất lượng cao và sức cạnh tranh tốt hơn trên thị trường.\"}', '2025-12-06 18:17:08'),
	(4, 7, 'Dưới đây là phân tích chi tiết về dự án Hệ thống quản lý phòng trọ và thanh toán tự động cho chủ trọ:\r\n\r\n**1. Nhân sự cần:**\r\n\r\nĐể thực hiện dự án này, cần có các nhân sự sau:\r\n\r\n* 1 Project Manager: chịu trách nhiệm quản lý dự án, lên kế hoạch, phân bổ nguồn lực và đảm bảo dự án được hoàn thành đúng tiến độ và ngân sách.\r\n* 2 Developer: chịu trách nhiệm phát triển hệ thống, bao gồm cả backend và frontend.\r\n* 1 Designer: chịu trách nhiệm thiết kế giao diện người dùng và trải nghiệm người dùng.\r\n* 1 Tester: chịu trách nhiệm kiểm tra và đảm bảo hệ thống hoạt động đúng như yêu cầu.\r\n* 1 Consultant: có kinh nghiệm trong lĩnh vực quản lý phòng trọ và thanh toán tự động, giúp tư vấn và đảm bảo hệ thống đáp ứng được nhu cầu của chủ trọ.\r\n\r\nTổng cộng cần 6 nhân sự.\r\n\r\n**2. Chi phí hợp lý:**\r\n\r\nDựa trên kinh nghiệm và thị trường, dưới đây là ước tính chi phí hợp lý cho dự án:\r\n\r\n* Project Manager: 50.000.000 VND/tháng x 5 tháng = 250.000.000 VND\r\n* Developer: 40.000.000 VND/tháng x 5 tháng x 2 người = 400.000.000 VND\r\n* Designer: 30.000.000 VND/tháng x 3 tháng = 90.000.000 VND\r\n* Tester: 25.000.000 VND/tháng x 2 tháng = 50.000.000 VND\r\n* Consultant: 20.000.000 VND/tháng x 1 tháng = 20.000.000 VND\r\n* Thiết bị và phần mềm: 50.000.000 VND\r\n* Khác (điện, nước, internet,...): 20.000.000 VND\r\n\r\nTổng chi phí ước tính: 880.000.000 VND\r\n\r\nSo với ngân sách dự kiến 3.000.000.000 VND, chi phí ước tính trên là hợp lý và còn dư khoảng 1.120.000.000 VND cho các chi phí phát sinh khác.\r\n\r\n**3. Timeline:**\r\n\r\nDưới đây là kế hoạch thời gian cho dự án:\r\n\r\n* Tháng 1: Lập kế hoạch dự án, lên yêu cầu và thiết kế hệ thống\r\n* Tháng 2-3: Phát triển hệ thống\r\n* Tháng 4: Kiểm tra và thử nghiệm hệ thống\r\n* Tháng 5: Triển khai hệ thống và đào tạo cho chủ trọ\r\n\r\n**4. Rủi ro & giải pháp:**\r\n\r\nMột số rủi ro có thể xảy ra trong dự án:\r\n\r\n* Rủi ro về thời gian: chậm trễ trong phát triển hệ thống có thể dẫn đến chậm trễ trong việc hoàn thành dự án.\r\n* Rủi ro về ngân sách: chi phí phát sinh ngoài dự kiến có thể dẫn đến vượt ngân sách.\r\n* Rủi ro về chất lượng: hệ thống không đáp ứng được nhu cầu của chủ trọ.\r\n\r\nGiải pháp:\r\n\r\n* Để giảm thiểu rủi ro về thời gian, cần lập kế hoạch chi tiết và theo dõi tiến độ thường xuyên.\r\n* Để giảm thiểu rủi ro về ngân sách, cần ước tính chi phí chính xác và dự trù chi phí phát sinh.\r\n* Để giảm thiểu rủi ro về chất lượng, cần có tư vấn từ chuyên gia trong lĩnh vực quản lý phòng trọ và thanh toán tự động, và cần có quá trình kiểm tra và thử nghiệm nghiêm ngặt.\r\n\r\n**5. Gợi ý sử dụng AI:**\r\n\r\nDự án có thể ứng dụng AI trong các lĩnh vực sau:\r\n\r\n* Hệ thống thanh toán tự động: có thể sử dụng AI để nhận diện và xử lý các giao dịch tự động.\r\n* Hệ thống quản lý phòng trọ: có thể sử dụng AI để phân tích dữ liệu và đưa ra các quyết định tự động về quản lý phòng trọ.\r\n* Trợ lý ảo: có thể sử dụng AI để tạo ra các trợ lý ảo hỗ trợ chủ trọ trong việc quản lý phòng trọ.\r\n\r\nTuy nhiên, cần phải đánh giá kỹ lưỡng về lợi ích và chi phí của việc ứng dụng AI trong dự án.', '[\"google\\/gemini-flash-1.5\",\"openai\\/gpt-4o-mini\"]', '{\"google\\/gemini-flash-1.5\":\"❌ API ERROR (404)\",\"openai\\/gpt-4o-mini\":\"Dưới đây là một số điểm bổ sung và lưu ý cần xem xét cho dự án \\\"Hệ thống quản lý phòng trọ và thanh toán tự động cho chủ trọ\\\":\\n\\n### 1. **Nghiên cứu thị trường và nhu cầu**\\nTrước khi bắt tay vào phát triển hệ thống, rất quan trọng để thực hiện một nghiên cứu thị trường để hiểu rõ hơn về nhu cầu của chủ trọ, các tính năng mà họ đang tìm kiếm, và cách mà các đối thủ cạnh tranh đang hoạt động. Điều này sẽ giúp bạn phát triển một hệ thống có tính cạnh tranh cao hơn và đáp ứng đúng nhu cầu của người dùng.\\n\\n### 2. **Chiến lược tiếp thị và phát triển thương hiệu**\\nKhi hệ thống hoàn thành, việc xây dựng một chiến lược tiếp thị rõ ràng nhằm giới thiệu sản phẩm đến thị trường là rất quan trọng. Bạn có thể xem xét các kênh tiếp thị số, quảng cáo mạng xã hội, và tổ chức các buổi demo trực tiếp cho các chủ trọ để họ có thể trải nghiệm sản phẩm.\\n\\n### 3. **Bảo mật và Quyền riêng tư**\\nTrong thời đại số ngày nay, bảo mật dữ liệu là một yếu tố không thể thiếu. Đảm bảo rằng hệ thống của bạn tuân thủ các quy định về bảo mật thông tin, đặc biệt là khi xử lý thông tin tài chính và dữ liệu cá nhân của người dùng. Sử dụng mã hóa và các biện pháp bảo mật khác sẽ là cần thiết.\\n\\n### 4. **Đánh giá hiệu quả sau triển khai**\\nSau khi triển khai hệ thống, cần có một kế hoạch đánh giá hiệu suất của hệ thống để hiểu rõ cách mà nó hoạt động trong thực tế. Có thể thu thập phản hồi từ người dùng để cải thiện và điều chỉnh hệ thống theo nhu cầu thực tế của chủ trọ.\\n\\n### 5. **Duy trì và cập nhật hệ thống**\\nSau khi hệ thống được triển khai, bạn cần có một kế hoạch duy trì và cập nhật thường xuyên để cải thiện tính năng và khắc phục lỗi phát sinh. Việc này không chỉ giúp hệ thống hoạt động ổn định mà còn tạo ra sự tin tưởng từ phía người dùng.\\n\\n### 6. **Tích hợp các công nghệ mới**\\nVề phần ứng dụng AI, bạn có thể xem xét tích hợp thêm các công nghệ như Machine Learning để dự đoán xu hướng thuê phòng, hay sử dụng các công nghệ chatbot để hỗ trợ trực tiếp khách hàng. Việc này sẽ giúp tối ưu hóa trải nghiệm người dùng và tăng tính tương tác.\\n\\n### 7. **Giao diện người dùng (UI\\/UX)**\\nLập kế hoạch rõ ràng cho quá trình thiết kế giao diện người dùng là rất quan trọng, không chỉ về mặt thẩm mỹ mà còn về tính thân thiện với người dùng. Người dùng sẽ dễ dàng sử dụng hệ thống hơn nếu giao diện được thiết kế trực quan và dễ hiểu.\\n\\n### 8. **Chương trình đào tạo**\\nXây dựng một chương trình đào tạo cho chủ trọ và nhân viên của họ về cách sử dụng hệ thống cũng là một phần không thể thiếu trong kế hoạch triển khai. Điều này sẽ giúp họ nhanh chóng làm quen và tận dụng tối đa các tính năng của hệ thống.\\n\\nHy vọng các điểm trên sẽ giúp tăng cường khả năng thành công của dự án và đem lại giá trị cao cho cả nhóm phát triển và người dùng cuối.\"}', '2025-12-06 18:17:48'),
	(5, 7, 'Dự án quản lý rạp phim', '[\"meta-llama\\/llama-3.3-70b-instruct:free\",\"google\\/gemini-flash-1.5\"]', '{\"meta-llama\\/llama-3.3-70b-instruct:free\":\"❌ API ERROR (401)\",\"google\\/gemini-flash-1.5\":\"❌ API ERROR (401)\"}', '2025-12-11 03:02:54'),
	(6, 7, 'dự án quản lý rạp phim', '[\"google\\/gemini-pro\",\"openai\\/gpt-4o-mini\"]', '{\"google\\/gemini-pro\":\"❌ API ERROR (401)\",\"openai\\/gpt-4o-mini\":\"❌ API ERROR (401)\"}', '2025-12-11 03:03:37'),
	(7, 7, 'dự án quản lý rạp phim', '[\"meta-llama\\/llama-3.3-70b-instruct:free\",\"google\\/gemini-flash-1.5\",\"google\\/gemini-pro\",\"mistral\\/mistral-large\",\"openai\\/gpt-4o-mini\",\"openai\\/gpt-4.1\"]', '{\"meta-llama\\/llama-3.3-70b-instruct:free\":\"❌ API ERROR (401)\",\"google\\/gemini-flash-1.5\":\"❌ API ERROR (401)\",\"google\\/gemini-pro\":\"❌ API ERROR (401)\",\"mistral\\/mistral-large\":\"❌ API ERROR (401)\",\"openai\\/gpt-4o-mini\":\"❌ API ERROR (401)\",\"openai\\/gpt-4.1\":\"❌ API ERROR (401)\"}', '2025-12-11 03:04:17'),
	(8, 7, 'dự án quản lý rạp phim', '[\"meta-llama\\/llama-3.3-70b-instruct:free\",\"google\\/gemini-flash-1.5\",\"google\\/gemini-pro\",\"mistral\\/mistral-large\",\"openai\\/gpt-4o-mini\",\"openai\\/gpt-4.1\"]', '{\"meta-llama\\/llama-3.3-70b-instruct:free\":\"❌ API ERROR (401)\",\"google\\/gemini-flash-1.5\":\"❌ API ERROR (401)\",\"google\\/gemini-pro\":\"❌ API ERROR (401)\",\"mistral\\/mistral-large\":\"❌ API ERROR (401)\",\"openai\\/gpt-4o-mini\":\"❌ API ERROR (401)\",\"openai\\/gpt-4.1\":\"❌ API ERROR (401)\"}', '2025-12-11 03:04:31'),
	(9, 7, 'dự án quản lý rạp phim', '[\"google\\/gemini-pro\",\"openai\\/gpt-4o-mini\"]', '{\"google\\/gemini-pro\":\"❌ API ERROR (401)\",\"openai\\/gpt-4o-mini\":\"❌ API ERROR (401)\"}', '2025-12-11 03:04:33'),
	(10, 7, 'quản lý rạp phim', '[\"meta-llama\\/llama-3.3-70b-instruct:free\",\"google\\/gemini-flash-1.5\"]', '{\"meta-llama\\/llama-3.3-70b-instruct:free\":\"Quản lý rạp phim là một công việc đòi hỏi sự kết hợp giữa kỹ năng quản lý, kỹ năng giao tiếp và kiến thức về ngành công nghiệp điện ảnh. Dưới đây là một số nhiệm vụ và kỹ năng cần thiết cho công việc quản lý rạp phim:\\n\\n**Nhiệm vụ:**\\n\\n1. **Quản lý nhân viên**: Quản lý và điều hành đội ngũ nhân viên, bao gồm cả nhân viên bán vé, nhân viên phục vụ, nhân viên kỹ thuật và nhân viên bảo vệ.\\n2. **Quản lý lịch chiếu**: Lập lịch chiếu phim, bao gồm cả việc sắp xếp thời gian chiếu, số lượng suất chiếu và loại hình chiếu (2D, 3D, IMAX,...).\\n3. **Quản lý vé**: Quản lý việc bán vé, bao gồm cả việc thiết lập giá vé, quản lý số lượng vé và xử lý các vấn đề liên quan đến vé.\\n4. **Quản lý tài chính**: Quản lý tài chính của rạp phim, bao gồm cả việc quản lý doanh thu, chi phí và lợi nhuận.\\n5. **Quản lý cơ sở vật chất**: Quản lý và bảo trì cơ sở vật chất của rạp phim, bao gồm cả việc bảo trì máy chiếu, âm thanh và các thiết bị khác.\\n6. **Quản lý an ninh**: Đảm bảo an ninh cho rạp phim, bao gồm cả việc quản lý hệ thống an ninh và xử lý các vấn đề liên quan đến an ninh.\\n7. **Quản lý chất lượng dịch vụ**: Đảm bảo chất lượng dịch vụ của rạp phim, bao gồm cả việc quản lý chất lượng phim, âm thanh và hình ảnh.\\n\\n**Kỹ năng:**\\n\\n1. **Kỹ năng quản lý**: Có khả năng quản lý và điều hành đội ngũ nhân viên.\\n2. **Kỹ năng giao tiếp**: Có khả năng giao tiếp hiệu quả với nhân viên, khách hàng và các đối tác.\\n3. **Kỹ năng phân tích**: Có khả năng phân tích dữ liệu và đưa ra quyết định dựa trên dữ liệu.\\n4. **Kỹ năng giải quyết vấn đề**: Có khả năng giải quyết các vấn đề phát sinh trong quá trình quản lý rạp phim.\\n5. **Kỹ năng kỹ thuật**: Có kiến thức về kỹ thuật điện ảnh và âm thanh.\\n6. **Kỹ năng tài chính**: Có kiến thức về tài chính và quản lý tài chính.\\n7. **Kỹ năng lãnh đạo**: Có khả năng lãnh đạo và động viên đội ngũ nhân viên.\\n\\n**Hệ thống quản lý rạp phim:**\\n\\n1. **Hệ thống quản lý vé**: Hệ thống quản lý vé điện tử giúp quản lý việc bán vé và quản lý số lượng vé.\\n2. **Hệ thống quản lý lịch chiếu**: Hệ thống quản lý lịch chiếu giúp lập lịch chiếu phim và quản lý số lượng suất chiếu.\\n3. **Hệ thống quản lý tài chính**: Hệ thống quản lý tài chính giúp quản lý doanh thu, chi phí và lợi nhuận.\\n4. **Hệ thống quản lý nhân viên**: Hệ thống quản lý nhân viên giúp quản lý thông tin nhân viên và quản lý lịch làm việc.\\n5. **Hệ thống quản lý cơ sở vật chất**: Hệ thống quản lý cơ sở vật chất giúp quản lý và bảo trì cơ sở vật chất của rạp phim.\\n\\nTóm lại, quản lý rạp phim là một công việc đòi hỏi sự kết hợp giữa kỹ năng quản lý, kỹ năng giao tiếp và kiến thức về ngành công nghiệp điện ảnh. Hệ thống quản lý rạp phim giúp quản lý và điều hành rạp phim một cách hiệu quả.\",\"google\\/gemini-flash-1.5\":\"❌ API ERROR (404)\"}', '2025-12-11 03:11:27'),
	(11, 7, 'quản lý rạp phim', '[\"google\\/gemini-flash-1.5\",\"google\\/gemini-pro\"]', '{\"google\\/gemini-flash-1.5\":\"❌ API ERROR (404)\",\"google\\/gemini-pro\":\"❌ API ERROR (400)\"}', '2025-12-14 11:08:26'),
	(12, 7, 'quản lý rạp phim', '[\"meta-llama\\/llama-3.3-70b-instruct:free\",\"google\\/gemini-flash-1.5\"]', '{\"meta-llama\\/llama-3.3-70b-instruct:free\":\"Quản lý rạp phim là một công việc đòi hỏi sự kết hợp giữa quản lý kinh doanh, quản lý nhân sự, và quản lý hoạt động. Dưới đây là một số nhiệm vụ và kỹ năng quan trọng của quản lý rạp phim:\\n\\n**Nhiệm vụ:**\\n\\n1. **Quản lý hoạt động**: Đảm bảo rằng rạp phim hoạt động trơn tru, bao gồm việc quản lý lịch chiếu phim, sắp xếp phòng chiếu, và duy trì cơ sở vật chất.\\n2. **Quản lý nhân sự**: Quản lý đội ngũ nhân viên, bao gồm việc tuyển dụng, đào tạo, và đánh giá hiệu suất.\\n3. **Quản lý tài chính**: Quản lý ngân sách, doanh thu, và chi phí của rạp phim.\\n4. **Quản lý tiếp thị**: Phát triển và thực hiện các chiến lược tiếp thị để thu hút khách hàng và tăng doanh thu.\\n5. **Quản lý chất lượng dịch vụ**: Đảm bảo rằng dịch vụ khách hàng được cung cấp tốt, bao gồm việc giải quyết các khiếu nại và yêu cầu của khách hàng.\\n\\n**Kỹ năng:**\\n\\n1. **Kỹ năng quản lý**: Có khả năng quản lý và điều hành một đội ngũ nhân viên.\\n2. **Kỹ năng giao tiếp**: Có khả năng giao tiếp hiệu quả với khách hàng, nhân viên, và các đối tác.\\n3. **Kỹ năng tài chính**: Có kiến thức về quản lý tài chính và có khả năng phân tích dữ liệu tài chính.\\n4. **Kỹ năng tiếp thị**: Có kiến thức về tiếp thị và có khả năng phát triển các chiến lược tiếp thị hiệu quả.\\n5. **Kỹ năng giải quyết vấn đề**: Có khả năng giải quyết các vấn đề và khiếu nại của khách hàng một cách hiệu quả.\\n6. **Kỹ năng công nghệ**: Có kiến thức về các hệ thống quản lý rạp phim và các công nghệ liên quan.\\n7. **Kỹ năng lãnh đạo**: Có khả năng lãnh đạo và động viên đội ngũ nhân viên để đạt được mục tiêu.\\n\\n**Công cụ và phần mềm:**\\n\\n1. **Hệ thống quản lý rạp phim**: Các phần mềm như Vista, Rentrak, hoặc MovieManager để quản lý hoạt động rạp phim.\\n2. **Hệ thống quản lý nhân sự**: Các phần mềm như HRM hoặc Payroll để quản lý nhân viên.\\n3. **Hệ thống quản lý tài chính**: Các phần mềm như QuickBooks hoặc Excel để quản lý tài chính.\\n4. **Hệ thống tiếp thị**: Các phần mềm như Mailchimp hoặc Facebook Ads để quản lý tiếp thị.\\n\\n**Mức lương:**\\n\\nMức lương của quản lý rạp phim có thể thay đổi tùy thuộc vào vị trí, kinh nghiệm, và quy mô của rạp phim. Tuy nhiên, mức lương trung bình của quản lý rạp phim tại Việt Nam có thể dao động từ 10-20 triệu đồng\\/tháng.\",\"google\\/gemini-flash-1.5\":\"❌ API ERROR (404)\"}', '2025-12-14 11:09:15'),
	(13, 7, 'quản lý rạp phim', '[\"meta-llama\\/llama-3.3-70b-instruct:free\",\"google\\/gemini-flash-1.5\"]', '{\"meta-llama\\/llama-3.3-70b-instruct:free\":\"❌ API ERROR (401)\",\"google\\/gemini-flash-1.5\":\"❌ API ERROR (401)\"}', '2025-12-14 11:11:11'),
	(14, 7, 'quản lý rạp phim', '[\"meta-llama\\/llama-3.3-70b-instruct:free\",\"google\\/gemini-flash-1.5\",\"google\\/gemini-pro\",\"mistral\\/mistral-large\",\"openai\\/gpt-4o-mini\",\"openai\\/gpt-4.1\"]', '{\"meta-llama\\/llama-3.3-70b-instruct:free\":\"❌ API ERROR (401)\",\"google\\/gemini-flash-1.5\":\"❌ API ERROR (401)\",\"google\\/gemini-pro\":\"❌ API ERROR (401)\",\"mistral\\/mistral-large\":\"❌ API ERROR (401)\",\"openai\\/gpt-4o-mini\":\"❌ API ERROR (401)\",\"openai\\/gpt-4.1\":\"❌ API ERROR (401)\"}', '2025-12-14 11:12:06'),
	(15, 7, 'quản lý rạp phim', '[\"meta-llama\\/llama-3.3-70b-instruct:free\",\"google\\/gemini-flash-1.5\",\"google\\/gemini-pro\",\"mistral\\/mistral-large\",\"openai\\/gpt-4o-mini\",\"openai\\/gpt-4.1\"]', '{\"meta-llama\\/llama-3.3-70b-instruct:free\":\"Quản lý rạp phim là một lĩnh vực đòi hỏi sự kết hợp giữa kinh doanh, quản lý và kỹ thuật. Dưới đây là một số nhiệm vụ và kỹ năng cần thiết để trở thành một người quản lý rạp phim hiệu quả:\\n\\n**Nhiệm vụ:**\\n\\n1. **Quản lý nhân viên**: Quản lý và điều hành đội ngũ nhân viên, bao gồm nhân viên bán vé, nhân viên phục vụ, nhân viên kỹ thuật và bảo vệ.\\n2. **Quản lý lịch chiếu**: Lập lịch chiếu phim, quản lý thời gian và sắp xếp các buổi chiếu.\\n3. **Quản lý tài chính**: Quản lý ngân sách, doanh thu, chi phí và lợi nhuận của rạp phim.\\n4. **Quản lý kỹ thuật**: Đảm bảo rằng hệ thống âm thanh, hình ảnh và các thiết bị khác hoạt động tốt.\\n5. **Quản lý an toàn**: Đảm bảo an toàn cho khán giả và nhân viên, bao gồm việc tuân thủ các quy định về phòng cháy chữa cháy và an ninh.\\n6. **Quản lý dịch vụ khách hàng**: Đảm bảo rằng khách hàng được phục vụ tốt, giải quyết các khiếu nại và cải thiện chất lượng dịch vụ.\\n7. **Quản lý marketing**: Phát triển và thực hiện các chiến dịch marketing để thu hút khách hàng và tăng doanh thu.\\n\\n**Kỹ năng:**\\n\\n1. **Kỹ năng lãnh đạo**: Khả năng lãnh đạo và quản lý đội ngũ nhân viên.\\n2. **Kỹ năng giao tiếp**: Khả năng giao tiếp hiệu quả với nhân viên, khách hàng và các đối tác.\\n3. **Kỹ năng quản lý thời gian**: Khả năng quản lý thời gian và sắp xếp các buổi chiếu.\\n4. **Kỹ năng tài chính**: Khả năng quản lý ngân sách và tài chính.\\n5. **Kỹ năng kỹ thuật**: Kiến thức về hệ thống âm thanh, hình ảnh và các thiết bị khác.\\n6. **Kỹ năng an toàn**: Kiến thức về các quy định về phòng cháy chữa cháy và an ninh.\\n7. **Kỹ năng marketing**: Khả năng phát triển và thực hiện các chiến dịch marketing.\\n8. **Kỹ năng phân tích**: Khả năng phân tích dữ liệu và đưa ra quyết định dựa trên dữ liệu.\\n\\n**Công cụ và phần mềm:**\\n\\n1. **Phần mềm quản lý rạp phim**: Các phần mềm như Cinema Manager, FilmBox, hoặc Showtime để quản lý lịch chiếu, bán vé và quản lý tài chính.\\n2. **Hệ thống âm thanh và hình ảnh**: Các hệ thống âm thanh và hình ảnh hiện đại để đảm bảo chất lượng hình ảnh và âm thanh tốt.\\n3. **Hệ thống bảo mật**: Các hệ thống bảo mật như camera an ninh, hệ thống báo động để đảm bảo an toàn cho khán giả và nhân viên.\\n4. **Phần mềm marketing**: Các phần mềm như Mailchimp, Facebook Ads để phát triển và thực hiện các chiến dịch marketing.\\n\\n**Lương và cơ hội việc làm:**\\n\\nLương của người quản lý rạp phim có thể dao động từ 10-30 triệu đồng\\/tháng, tùy thuộc vào kinh nghiệm và quy mô của rạp phim. Cơ hội việc làm trong lĩnh vực này cũng khá rộng mở, đặc biệt là với sự phát triển của ngành công nghiệp giải trí và số lượng rạp phim tăng lên.\",\"google\\/gemini-flash-1.5\":\"❌ API ERROR (404)\",\"google\\/gemini-pro\":\"❌ API ERROR (400)\",\"mistral\\/mistral-large\":\"❌ API ERROR (400)\",\"openai\\/gpt-4o-mini\":\"Quản lý rạp phim là một công việc quan trọng trong ngành công nghiệp điện ảnh, đảm bảo mọi hoạt động của rạp phim diễn ra trơn tru và mang lại trải nghiệm tốt nhất cho khách hàng. Dưới đây là một số nhiệm vụ và trách nhiệm chính của người quản lý rạp phim:\\n\\n### 1. **Quản lý nhân sự:**\\n   - Tuyển dụng, đào tạo và quản lý đội ngũ nhân viên.\\n   - Phân công công việc cho nhân viên, bao gồm nhân viên phòng vé, nhân viên phục vụ và nhân viên kỹ thuật.\\n   - Theo dõi hiệu suất làm việc và thúc đẩy tinh thần làm việc của nhân viên.\\n\\n### 2. **Quản lý doanh thu:**\\n   - Theo dõi doanh thu từ vé và doanh thu bổ sung từ đồ ăn, nước uống.\\n   - Phân tích doanh thu hàng tháng, đánh giá hiệu suất hoạt động của rạp.\\n   - Thiết lập các chương trình khuyến mãi để thu hút khách hàng.\\n\\n### 3. **Quản lý lịch chiếu phim:**\\n   - Lên lịch cho các bộ phim chiếu trong rạp, bao gồm cả thời gian và phòng chiếu.\\n   - Giao tiếp với các nhà phân phối phim để đảm bảo có được các bộ phim phổ biến.\\n\\n### 4. **Phục vụ khách hàng:**\\n   - Đảm bảo có dịch vụ khách hàng tốt và giải quyết các khiếu nại.\\n   - Lên kế hoạch tổ chức các sự kiện đặc biệt như buổi ra mắt phim, sự kiện giao lưu với các diễn viên, đạo diễn.\\n\\n### 5. **Quản lý trang thiết bị:**\\n   - Kiểm tra và bảo trì hệ thống âm thanh, ánh sáng, màn hình chiếu.\\n   - Đảm bảo rạp phim luôn ở trong tình trạng tốt nhất để phục vụ khách hàng.\\n\\n### 6. **Quản lý chi phí:**\\n   - Theo dõi và quản lý các khoản chi phí hoạt động của rạp.\\n   - Tìm cách tối ưu hóa chi phí mà không ảnh hưởng đến chất lượng dịch vụ.\\n\\n### 7. **Tiếp thị và quảng bá:**\\n   - Xây dựng và triển khai các chiến lược quảng bá để thu hút khách hàng.\\n   - Sử dụng mạng xã hội và các kênh truyền thông khác để tăng cường nhận diện thương hiệu của rạp phim.\\n\\n### 8. **Đánh giá và cải tiến:**\\n   - Thu thập phản hồi từ khách hàng để cải thiện dịch vụ.\\n   - Phân tích xu hướng và nhu cầu của thị trường để điều chỉnh lịch chiếu hoặc các dịch vụ khác.\\n\\nViệc quản lý rạp phim đòi hỏi sự kết hợp giữa kỹ năng lãnh đạo, quản lý tài chính, khả năng giao tiếp tốt và đam mê với điện ảnh. Người quản lý cần có khả năng đưa ra quyết định nhanh chóng và hiệu quả để đáp ứng nhu cầu của khách hàng và đảm bảo sự phát triển bền vững cho rạp phim.\",\"openai\\/gpt-4.1\":\"❌ API ERROR (402)\"}', '2025-12-14 11:13:22'),
	(16, 7, 'quản lý rạp phim', '[\"meta-llama\\/llama-3.3-70b-instruct:free\",\"openai\\/gpt-4o-mini\"]', '{\"meta-llama\\/llama-3.3-70b-instruct:free\":\"Quản lý rạp phim là một công việc đòi hỏi sự kết hợp giữa kỹ năng quản lý, kỹ năng giao tiếp và kiến thức về ngành công nghiệp điện ảnh. Dưới đây là một số nhiệm vụ và kỹ năng cần thiết cho công việc quản lý rạp phim:\\n\\n**Nhiệm vụ:**\\n\\n1. **Quản lý nhân viên**: Quản lý và điều hành đội ngũ nhân viên, bao gồm cả nhân viên bán vé, nhân viên phục vụ, nhân viên kỹ thuật và nhân viên bảo vệ.\\n2. **Quản lý lịch chiếu**: Lập lịch chiếu phim, đảm bảo rằng các bộ phim được chiếu đúng giờ và đúng phòng chiếu.\\n3. **Quản lý vé**: Quản lý việc bán vé, bao gồm cả việc kiểm soát số lượng vé bán, giá vé và việc áp dụng các chương trình khuyến mãi.\\n4. **Quản lý tài chính**: Quản lý tài chính của rạp phim, bao gồm cả việc quản lý doanh thu, chi phí và lợi nhuận.\\n5. **Quản lý cơ sở vật chất**: Quản lý và bảo trì cơ sở vật chất của rạp phim, bao gồm cả việc bảo trì máy chiếu, âm thanh và các thiết bị khác.\\n6. **Quản lý an toàn**: Đảm bảo an toàn cho khách hàng và nhân viên, bao gồm cả việc thực hiện các biện pháp phòng cháy chữa cháy và an ninh.\\n7. **Quản lý chất lượng dịch vụ**: Đảm bảo chất lượng dịch vụ của rạp phim, bao gồm cả việc kiểm soát chất lượng hình ảnh, âm thanh và dịch vụ khách hàng.\\n\\n**Kỹ năng:**\\n\\n1. **Kỹ năng quản lý**: Có khả năng quản lý và điều hành đội ngũ nhân viên, cũng như quản lý các hoạt động của rạp phim.\\n2. **Kỹ năng giao tiếp**: Có khả năng giao tiếp hiệu quả với khách hàng, nhân viên và các đối tác.\\n3. **Kỹ năng tài chính**: Có kiến thức về tài chính và quản lý tài chính.\\n4. **Kỹ năng kỹ thuật**: Có kiến thức về các thiết bị và công nghệ sử dụng trong rạp phim.\\n5. **Kỹ năng giải quyết vấn đề**: Có khả năng giải quyết các vấn đề phát sinh trong quá trình hoạt động của rạp phim.\\n6. **Kỹ năng lãnh đạo**: Có khả năng lãnh đạo và động viên đội ngũ nhân viên.\\n7. **Kỹ năng phân tích**: Có khả năng phân tích tình hình kinh doanh và đưa ra quyết định dựa trên dữ liệu.\\n\\n**Công cụ và phần mềm:**\\n\\n1. **Phần mềm quản lý rạp phim**: Sử dụng phần mềm quản lý rạp phim để quản lý lịch chiếu, bán vé, quản lý tài chính và các hoạt động khác.\\n2. **Hệ thống quản lý khách hàng**: Sử dụng hệ thống quản lý khách hàng để quản lý thông tin khách hàng và theo dõi lịch sử giao dịch.\\n3. **Hệ thống quản lý nhân viên**: Sử dụng hệ thống quản lý nhân viên để quản lý thông tin nhân viên, lịch làm việc và hiệu suất làm việc.\\n4. **Phần mềm kế toán**: Sử dụng phần mềm kế toán để quản lý tài chính và kế toán của rạp phim.\\n\\n**Mức lương:**\\n\\nMức lương của quản lý rạp phim có thể thay đổi tùy thuộc vào vị trí, kinh nghiệm và quy mô của rạp phim. Tuy nhiên, mức lương trung bình của quản lý rạp phim tại Việt Nam có thể dao động từ 10-20 triệu đồng\\/tháng.\",\"openai\\/gpt-4o-mini\":\"Quản lý rạp phim là một lĩnh vực bao gồm nhiều khía cạnh khác nhau, từ quản lý hoạt động chiếu phim đến việc tối ưu hóa doanh thu và giữ chân khách hàng. Dưới đây là một số nhiệm vụ và trách nhiệm chính của một người quản lý rạp phim:\\n\\n### 1. **Quản lý hoạt động chiếu phim**\\n   - Lập lịch chiếu phim phù hợp, đảm bảo cân đối số lượng phim và thời gian chiếu.\\n   - Đảm bảo rằng các thiết bị chiếu phim và âm thanh luôn hoạt động tốt.\\n\\n### 2. **Quản lý nhân sự**\\n   - Tuyển dụng, đào tạo và quản lý đội ngũ nhân viên (thu ngân, nhân viên bán vé, nhân viên phục vụ, bảo vệ).\\n   - Đảm bảo nhân viên phục vụ khách hàng một cách chuyên nghiệp và thân thiện.\\n\\n### 3. **Quản lý tài chính**\\n   - Theo dõi doanh thu và chi phí hàng ngày, tuần và tháng.\\n   - Đưa ra các chiến lược để tăng doanh thu, như khuyến mãi hoặc tổ chức sự kiện đặc biệt.\\n\\n### 4. **Giao tiếp và quảng cáo**\\n   - Tạo mối quan hệ tốt với các nhà phát hành phim để có được các bộ phim hay và phù hợp.\\n   - Quảng bá và tiếp thị những bộ phim mới và sự kiện tại rạp để thu hút khách hàng.\\n\\n### 5. **Chăm sóc khách hàng**\\n   - Lắng nghe phản hồi của khách hàng và cải thiện dịch vụ dựa trên những đóng góp đó.\\n   - Xử lý các vấn đề và khiếu nại của khách hàng một cách nhanh chóng và hiệu quả.\\n\\n### 6. **Quản lý cơ sở vật chất**\\n   - Đảm bảo rạp phim luôn sạch sẽ, an toàn và thoải mái cho người xem.\\n   - Quản lý và bảo trì trang thiết bị nội thất và công nghệ.\\n\\n### 7. **Phân tích thị trường**\\n   - Nghiên cứu và phân tích xu hướng và thị hiếu của khách hàng để có những điều chỉnh phù hợp trong lựa chọn phim và chiến lược kinh doanh.\\n\\n### 8. **Thực hiện các biện pháp an toàn**\\n   - Đảm bảo tuân thủ các quy định về an toàn và phòng cháy chữa cháy trong rạp.\\n\\nQuản lý rạp phim là một công việc đòi hỏi sự đa năng, khả năng giao tiếp tốt và nhạy bén với thị trường, góp phần quan trọng trong việc tạo ra trải nghiệm tốt nhất cho khách hàng.\"}', '2025-12-14 11:14:29');

	-- --------------------------------------------------------

	--
	-- Cấu trúc bảng cho bảng `events`
	--

	CREATE TABLE `events` (
	  `id` int(11) NOT NULL,
	  `user_id` int(11) NOT NULL,
	  `title` varchar(255) NOT NULL,
	  `start` datetime NOT NULL,
	  `end` datetime DEFAULT NULL,
	  `created_at` timestamp NOT NULL DEFAULT current_timestamp()
	) ENGINE=InnoDB DEFAULT CHARSET=utf8mb4 COLLATE=utf8mb4_general_ci;

	--
	-- Đang đổ dữ liệu cho bảng `events`
	--

	INSERT INTO `events` (`id`, `user_id`, `title`, `start`, `end`, `created_at`) VALUES
	(5, 7, 'Báo cáo đồ án chuyên ngành', '2025-12-19 09:00:00', '2025-12-20 08:14:00', '2025-12-11 01:14:21');

	-- --------------------------------------------------------

	--
	-- Cấu trúc bảng cho bảng `login_logs`
	--

	CREATE TABLE `login_logs` (
	  `id` int(11) NOT NULL,
	  `user_id` int(11) NOT NULL,
	  `login_time` datetime DEFAULT NULL,
	  `logout_time` datetime DEFAULT NULL
	) ENGINE=InnoDB DEFAULT CHARSET=utf8mb4 COLLATE=utf8mb4_general_ci;

	-- --------------------------------------------------------

	--
	-- Cấu trúc bảng cho bảng `messages`
	--

	CREATE TABLE `messages` (
	  `id` int(11) NOT NULL,
	  `sender_id` int(11) NOT NULL,
	  `receiver_id` int(11) DEFAULT NULL,
	  `message` text DEFAULT NULL,
	  `file_paths` text DEFAULT NULL,
	  `created_at` datetime DEFAULT current_timestamp(),
	  `is_read` tinyint(1) NOT NULL DEFAULT 0
	) ENGINE=InnoDB DEFAULT CHARSET=utf8mb4 COLLATE=utf8mb4_general_ci;

	--
	-- Đang đổ dữ liệu cho bảng `messages`
	--

	INSERT INTO `messages` (`id`, `sender_id`, `receiver_id`, `message`, `file_paths`, `created_at`, `is_read`) VALUES
	(11, 7, 8, '', '[\"uploads/1764950884_69330364b1e06_QLNDTM2.png\",\"uploads/1764950884_69330364b29bf_QLNDTM1.png\"]', '2025-12-05 23:08:04', 0),
	(12, 7, 9, '', '[\"uploads/1764950892_6933036caca4b_QLNDTM1.png\"]', '2025-12-05 23:08:12', 0),
	(13, 7, 9, '', '[\"uploads/1764950896_69330370996f6_QLNDTM2.png\"]', '2025-12-05 23:08:16', 0),
	(14, 7, 10, '', '[\"uploads/1764950903_693303775aa6a_QLNDTM1.png\"]', '2025-12-05 23:08:23', 0),
	(15, 7, 10, '', '[\"uploads/1764950907_6933037b7d0ca_QLNDTM2.png\"]', '2025-12-05 23:08:27', 0),
	(16, 7, 11, '', '[\"uploads/1764950913_69330381f29eb_\\u1ea2nh1.png\"]', '2025-12-05 23:08:33', 0),
	(18, 7, NULL, '', '[\"uploads/1764954274_693310a28b4e0_QLNDTM1.png\"]', '2025-12-06 00:04:34', 0),
	(19, 7, NULL, '', '[\"uploads/1764954278_693310a6c0490_QLNDTM2.png\"]', '2025-12-06 00:04:38', 0),
	(21, 7, 11, '', '[\"uploads/1764954405_693311254567a_QLNDTM2.png\"]', '2025-12-06 00:06:45', 0);

	-- --------------------------------------------------------

	--
	-- Cấu trúc bảng cho bảng `notifications`
	--

	CREATE TABLE `notifications` (
	  `id` int(11) NOT NULL,
	  `user_id` int(11) NOT NULL,
	  `type` varchar(50) NOT NULL,
	  `message` text NOT NULL,
	  `link` varchar(255) DEFAULT NULL,
	  `is_read` tinyint(1) DEFAULT 0,
	  `created_at` timestamp NOT NULL DEFAULT current_timestamp()
	) ENGINE=InnoDB DEFAULT CHARSET=utf8mb4 COLLATE=utf8mb4_general_ci;

	-- --------------------------------------------------------

	--
	-- Cấu trúc bảng cho bảng `posts`
	--

	CREATE TABLE `posts` (
	  `id` int(11) NOT NULL,
	  `user_id` int(11) NOT NULL,
	  `content` text NOT NULL,
	  `image_path` varchar(255) DEFAULT NULL,
	  `created_at` datetime DEFAULT current_timestamp()
	) ENGINE=InnoDB DEFAULT CHARSET=utf8mb4 COLLATE=utf8mb4_general_ci;

	--
	-- Đang đổ dữ liệu cho bảng `posts`
	--

	INSERT INTO `posts` (`id`, `user_id`, `content`, `image_path`, `created_at`) VALUES
	(4, 7, 'Hoàn Thành giao diện quản lý công việc nhé mọi người!', 'uploads/posts/post_7_1765025682.png', '2025-12-06 19:54:42'),
	(5, 7, 'đây là dự án đầu tiên', 'uploads/posts/post_7_1765025721.png', '2025-12-06 19:55:21');

	-- --------------------------------------------------------

	--
	-- Cấu trúc bảng cho bảng `post_comments`
	--

	CREATE TABLE `post_comments` (
	  `id` int(11) NOT NULL,
	  `post_id` int(11) NOT NULL,
	  `user_id` int(11) NOT NULL,
	  `comment_text` text NOT NULL,
	  `created_at` datetime DEFAULT current_timestamp()
	) ENGINE=InnoDB DEFAULT CHARSET=utf8mb4 COLLATE=utf8mb4_general_ci;

	-- --------------------------------------------------------

	--
	-- Cấu trúc bảng cho bảng `post_likes`
	--

	CREATE TABLE `post_likes` (
	  `id` int(11) NOT NULL,
	  `post_id` int(11) NOT NULL,
	  `user_id` int(11) NOT NULL,
	  `created_at` datetime DEFAULT current_timestamp()
	) ENGINE=InnoDB DEFAULT CHARSET=utf8mb4 COLLATE=utf8mb4_general_ci;

	--
	-- Đang đổ dữ liệu cho bảng `post_likes`
	--

	INSERT INTO `post_likes` (`id`, `post_id`, `user_id`, `created_at`) VALUES
	(7, 4, 7, '2025-12-06 19:54:45'),
	(8, 5, 7, '2025-12-06 20:02:32');

	-- --------------------------------------------------------

	--
	-- Cấu trúc bảng cho bảng `post_shares`
	--

	CREATE TABLE `post_shares` (
	  `id` int(11) NOT NULL,
	  `post_id` int(11) NOT NULL,
	  `user_id` int(11) NOT NULL,
	  `created_at` datetime DEFAULT current_timestamp()
	) ENGINE=InnoDB DEFAULT CHARSET=utf8mb4 COLLATE=utf8mb4_general_ci;

	-- --------------------------------------------------------

	--
	-- Cấu trúc bảng cho bảng `projects`
	--

	CREATE TABLE `projects` (
	  `id` int(11) NOT NULL,
	  `user_id` int(11) NOT NULL,
	  `name` varchar(255) NOT NULL,
	  `description` text NOT NULL,
	  `complexity` enum('Thấp','Trung bình','Cao') DEFAULT 'Trung bình',
	  `expected_duration_months` int(11) DEFAULT 3,
	  `expected_budget` decimal(15,2) DEFAULT 0.00,
	  `created_at` datetime DEFAULT current_timestamp()
	) ENGINE=InnoDB DEFAULT CHARSET=utf8mb4 COLLATE=utf8mb4_general_ci;

	--
	-- Đang đổ dữ liệu cho bảng `projects`
	--

	INSERT INTO `projects` (`id`, `user_id`, `name`, `description`, `complexity`, `expected_duration_months`, `expected_budget`, `created_at`) VALUES
	(96, 7, 'Website thương mại điện tử cho cửa hàng thời trang XYZ', 'đủ tiêu chuẩn của một cửa hàng', 'Cao', 5, 3000000000.00, '2025-12-05 23:12:03'),
	(97, 7, 'Hệ thống quản lý phòng trọ và thanh toán tự động cho chủ trọ', 'đầy đủ chi tiết', 'Cao', 5, 3000000000.00, '2025-12-06 19:19:00'),
	(98, 7, 'Hệ thống quản lý công việc cho công ty X', 'đầy đủ chức năng', 'Cao', 9, 5000000000.00, '2025-12-11 10:05:10'),
	(99, 7, 'Hệ thống quản lý phòng trọ và thanh toán tự động cho chủ trọ', 'đầy đủ chức năng', 'Cao', 3, 500000000.00, '2025-12-11 10:05:45'),
	(100, 7, 'Hệ thống quản lý phòng trọ và thanh toán tự động cho chủ trọ', 'đầy đủ chức năng', 'Cao', 3, 500000000.00, '2025-12-11 10:05:59'),
	(101, 7, 'Hệ thống quản lý sinh viên trường đại học', 'đầy đủ chức năng', 'Trung bình', 3, 500000000.00, '2025-12-11 10:09:11'),
	(102, 7, 'Hệ thống quản lý công việc cho công ty X', 'đầy đủ chức năng', 'Cao', 5, 5.00, '2025-12-14 18:20:19'),
	(103, 7, 'Hệ thống quản lý công việc cho công ty X', 'đầy đủ chức năng', 'Cao', 5, 5.00, '2025-12-14 18:21:12');

	-- --------------------------------------------------------

	--
	-- Cấu trúc bảng cho bảng `project_ai_analyses`
	--

	CREATE TABLE `project_ai_analyses` (
	  `id` int(11) NOT NULL,
	  `project_id` int(11) NOT NULL,
	  `model` varchar(100) DEFAULT 'gpt-4o-mini',
	  `result_text` longtext NOT NULL,
	  `created_at` datetime DEFAULT current_timestamp()
	) ENGINE=InnoDB DEFAULT CHARSET=utf8mb4 COLLATE=utf8mb4_general_ci;

	--
	-- Đang đổ dữ liệu cho bảng `project_ai_analyses`
	--

	INSERT INTO `project_ai_analyses` (`id`, `project_id`, `model`, `result_text`, `created_at`) VALUES
	(10, 96, 'llama-3.3-70b-free', 'Dưới đây là phân tích chi tiết dự án website thương mại điện tử cho cửa hàng thời trang XYZ:\n\n**1. Nhân sự cần:**\nĐể thực hiện dự án này, bạn sẽ cần một đội ngũ nhân sự đa dạng với các kỹ năng và chuyên môn khác nhau. Dưới đây là một số vị trí nhân sự cần thiết:\n- Lập trình viên (Front-end, Back-end): 2-3 người\n- Thiết kế viên (UI/UX): 1 người\n- Tester (Kiểm thử viên): 1 người\n- Dự án quản lý (Project Manager): 1 người\n- Nội dung và marketing (Content & Marketing): 1 người\n-(Adapter cho mọi tình huống phát sinh): 1 người\n\n**2. Chi phí hợp lý:**\nNgân sách dự kiến cho dự án là 3 tỷ VND. Dưới đây là phân bổ chi phí hợp lý:\n- Lập trình viên (Front-end, Back-end): 1,2 tỷ VND (40% của tổng ngân sách)\n- Thiết kế viên (UI/UX): 300 triệu VND (10% của tổng ngân sách)\n- Tester (Kiểm thử viên): 200 triệu VND (6,7% của tổng ngân sách)\n- Dự án quản lý (Project Manager): 300 triệu VND (10% của tổng ngân sách)\n- Nội dung và marketing (Content & Marketing): 400 triệu VND (13,3% của tổng ngân sách)\n-(Adapter cho mọi tình huống phát sinh): 500 triệu VND (16,7% của tổng ngân sách)\n- Các chi phí khác (phần cứng, phần mềm, giải pháp an ninh,...): 200 triệu VND (6,7% của tổng ngân sách)\n\n**3. Timeline:**\nThời gian dự kiến cho dự án là 5 tháng. Dưới đây là một số mốc thời gian quan trọng:\n- Tháng 1: Lập kế hoạch dự án, thiết kế cơ bản\n- Tháng 2-3: Phát triển Front-end và Back-end\n- Tháng 4: Kiểm thử và sửa lỗi\n- Tháng 5: Triển khai và kiểm thử cuối cùng\n\n**4. Rủi ro & giải pháp:**\nDưới đây là một số rủi ro có thể xảy ra và giải pháp tương ứng:\n- Rủi ro: Thiếu nguồn lực (nhân sự, ngân sách,...)\nGiải pháp: Tìm kiếm nguồn lực bên ngoài (freelancer, công ty khác,...) hoặc điều chỉnh kế hoạch dự án\n- Rủi ro: Kỹ thuật phát sinh (côn nghệ mới, cấu hình,...)\nGiải pháp:(editor nghiên cứu, đề xuất giải pháp mới)\n- Rủi ro: Kiểm thử và sửa lỗi không đầy đủ\nGiải pháp: tăng cường thời gian kiểm thử, kiểm tra đầy đủ các chức năng\n\n**5. Gợi ý sử dụng AI:**\nDưới đây là một số gợi ý sử dụng AI cho dự án:\n- Sử dụng Chatbot cho hỗ trợ khách hàng\n- Áp dụng Machine Learning cho hệ thống khuyến mãi\n- Sử dụng phân tích dữ liệu để đánh giá hiệu suất của dự án và đưa ra quyết định\n- Áp dụng công nghệ Deep Learning cho hình ảnh và video sản phẩm\n\nHy vọng những thông tin trên sẽ giúp bạn phân tích và lập kế hoạch cho dự án website thương mại điện tử cho cửa hàng thời trang XYZ hiệu quả hơn.', '2025-12-05 23:12:33'),
	(11, 97, 'llama-3.3-70b-free', 'Dưới đây là phân tích chi tiết về dự án Hệ thống quản lý phòng trọ và thanh toán tự động cho chủ trọ:\n\n**1. Nhân sự cần:**\n\nĐể thực hiện dự án này, cần có các nhân sự sau:\n\n* 1 Project Manager: chịu trách nhiệm quản lý dự án, lên kế hoạch, phân bổ nguồn lực và đảm bảo dự án được hoàn thành đúng tiến độ và ngân sách.\n* 2 Developer: chịu trách nhiệm phát triển hệ thống, bao gồm cả backend và frontend.\n* 1 Designer: chịu trách nhiệm thiết kế giao diện người dùng và trải nghiệm người dùng.\n* 1 Tester: chịu trách nhiệm kiểm tra và đảm bảo hệ thống hoạt động đúng như yêu cầu.\n* 1 Consultant: có kinh nghiệm trong lĩnh vực quản lý phòng trọ và thanh toán tự động, giúp tư vấn và đảm bảo hệ thống đáp ứng được nhu cầu của chủ trọ.\n\nTổng cộng cần 6 nhân sự.\n\n**2. Chi phí hợp lý:**\n\nDựa trên kinh nghiệm và thị trường, dưới đây là ước tính chi phí hợp lý cho dự án:\n\n* Project Manager: 50.000.000 VND/tháng x 5 tháng = 250.000.000 VND\n* Developer: 40.000.000 VND/tháng x 5 tháng x 2 người = 400.000.000 VND\n* Designer: 30.000.000 VND/tháng x 3 tháng = 90.000.000 VND\n* Tester: 25.000.000 VND/tháng x 2 tháng = 50.000.000 VND\n* Consultant: 20.000.000 VND/tháng x 1 tháng = 20.000.000 VND\n* Thiết bị và phần mềm: 50.000.000 VND\n* Khác (điện, nước, internet,...): 20.000.000 VND\n\nTổng chi phí ước tính: 880.000.000 VND\n\nSo với ngân sách dự kiến 3.000.000.000 VND, chi phí ước tính trên là hợp lý và còn dư khoảng 1.120.000.000 VND cho các chi phí phát sinh khác.\n\n**3. Timeline:**\n\nDưới đây là kế hoạch thời gian cho dự án:\n\n* Tháng 1: Lập kế hoạch dự án, lên yêu cầu và thiết kế hệ thống\n* Tháng 2-3: Phát triển hệ thống\n* Tháng 4: Kiểm tra và thử nghiệm hệ thống\n* Tháng 5: Triển khai hệ thống và đào tạo cho chủ trọ\n\n**4. Rủi ro & giải pháp:**\n\nMột số rủi ro có thể xảy ra trong dự án:\n\n* Rủi ro về thời gian: chậm trễ trong phát triển hệ thống có thể dẫn đến chậm trễ trong việc hoàn thành dự án.\n* Rủi ro về ngân sách: chi phí phát sinh ngoài dự kiến có thể dẫn đến vượt ngân sách.\n* Rủi ro về chất lượng: hệ thống không đáp ứng được nhu cầu của chủ trọ.\n\nGiải pháp:\n\n* Để giảm thiểu rủi ro về thời gian, cần lập kế hoạch chi tiết và theo dõi tiến độ thường xuyên.\n* Để giảm thiểu rủi ro về ngân sách, cần ước tính chi phí chính xác và dự trù chi phí phát sinh.\n* Để giảm thiểu rủi ro về chất lượng, cần có tư vấn từ chuyên gia trong lĩnh vực quản lý phòng trọ và thanh toán tự động, và cần có quá trình kiểm tra và thử nghiệm nghiêm ngặt.\n\n**5. Gợi ý sử dụng AI:**\n\nDự án có thể ứng dụng AI trong các lĩnh vực sau:\n\n* Hệ thống thanh toán tự động: có thể sử dụng AI để nhận diện và xử lý các giao dịch tự động.\n* Hệ thống quản lý phòng trọ: có thể sử dụng AI để phân tích dữ liệu và đưa ra các quyết định tự động về quản lý phòng trọ.\n* Trợ lý ảo: có thể sử dụng AI để tạo ra các trợ lý ảo hỗ trợ chủ trọ trong việc quản lý phòng trọ.\n\nTuy nhiên, cần phải đánh giá kỹ lưỡng về lợi ích và chi phí của việc ứng dụng AI trong dự án.', '2025-12-06 19:19:43'),
	(12, 101, 'llama-3.3-70b-free', 'Dưới đây là phân tích chi tiết về dự án \"Hệ thống quản lý sinh viên trường đại học\":\n\n**1. Nhân sự cần:**\n\nĐể thực hiện dự án này, cần có các nhân sự sau:\n\n* 1 Project Manager: chịu trách nhiệm quản lý dự án, đảm bảo tiến độ và ngân sách.\n* 2-3 Lập trình viên: phát triển hệ thống quản lý sinh viên, bao gồm cả backend và frontend.\n* 1-2 Tester: kiểm tra và đảm bảo chất lượng của hệ thống.\n* 1 Designer: thiết kế giao diện người dùng và trải nghiệm người dùng.\n* 1 Database Administrator: thiết kế và quản lý cơ sở dữ liệu.\n\nTổng cộng cần khoảng 6-8 nhân sự để thực hiện dự án này.\n\n**2. Chi phí hợp lý:**\n\nDựa trên ngân sách dự kiến 500.000.000 VND, dưới đây là ước tính chi phí cho từng hạng mục:\n\n* Nhân sự: 250.000.000 VND (50% ngân sách)\n + Project Manager: 50.000.000 VND\n + Lập trình viên: 100.000.000 VND (2-3 người)\n + Tester: 20.000.000 VND (1-2 người)\n + Designer: 20.000.000 VND\n + Database Administrator: 10.000.000 VND\n* Thiết bị và phần mềm: 100.000.000 VND (20% ngân sách)\n + Máy tính, thiết bị ngoại vi\n + Phần mềm phát triển, thiết kế\n* Chi phí khác: 50.000.000 VND (10% ngân sách)\n + Chi phí văn phòng, điện nước\n + Chi phí đi lại, đào tạo\n* Lợi nhuận: 100.000.000 VND (20% ngân sách)\n\n**3. Timeline:**\n\nDưới đây là ước tính thời gian cho từng giai đoạn của dự án:\n\n* Giai đoạn 1: Lập kế hoạch và thiết kế (1 tuần)\n* Giai đoạn 2: Phát triển hệ thống (8 tuần)\n* Giai đoạn 3: Kiểm tra và đảm bảo chất lượng (2 tuần)\n* Giai đoạn 4: Triển khai và đào tạo (1 tuần)\n* Giai đoạn 5: Bảo trì và hỗ trợ (1 tuần)\n\nTổng thời gian dự kiến là 13 tuần, tương đương 3 tháng.\n\n**4. Rủi ro & giải pháp:**\n\nDưới đây là một số rủi ro có thể xảy ra và giải pháp:\n\n* Rủi ro: Thiếu nhân sự có kinh nghiệm\n + Giải pháp: Tuyển dụng nhân sự có kinh nghiệm, đào tạo nhân sự hiện tại\n* Rủi ro: Chậm tiến độ\n + Giải pháp: Tăng cường quản lý tiến độ, phân bổ nguồn lực hợp lý\n* Rủi ro: Chi phí vượt ngân sách\n + Giải pháp: Quản lý chi phí chặt chẽ, cắt giảm chi phí không cần thiết\n* Rủi ro: Hệ thống không đáp ứng yêu cầu\n + Giải pháp: Thực hiện kiểm tra và đảm bảo chất lượng kỹ lưỡng, thu thập yêu cầu từ người dùng\n\n**5. Gợi ý sử dụng AI:**\n\nDưới đây là một số gợi ý sử dụng AI trong dự án:\n\n* Sử dụng AI để tự động hóa việc nhập dữ liệu sinh viên\n* Sử dụng AI để phân tích dữ liệu sinh viên và đưa ra khuyến nghị\n* Sử dụng AI để hỗ trợ việc đào tạo và tư vấn cho sinh viên\n* Sử dụng AI để cải thiện trải nghiệm người dùng và giao diện hệ thống\n\nTuy nhiên, cần phải đánh giá kỹ lưỡng về tính khả thi và hiệu quả của việc sử dụng AI trong dự án này.', '2025-12-11 10:09:45'),
	(13, 102, 'llama-3.3-70b-free', 'Không có phản hồi AI.', '2025-12-14 18:20:45'),
	(14, 103, 'llama-3.3-70b-free', 'Dưới đây là phân tích chi tiết về dự án \"Hệ thống quản lý công việc cho công ty X\":\n\n**1. Nhân sự cần**\n\nĐể thực hiện dự án này, chúng ta sẽ cần một đội ngũ nhân sự đa năng và có kinh nghiệm trong lĩnh vực phát triển phần mềm. Dưới đây là một số vị trí nhân sự cần thiết:\n\n* 1 Project Manager: chịu trách nhiệm quản lý dự án, đảm bảo tiến độ và ngân sách.\n* 2-3 Lập trình viên: phát triển hệ thống quản lý công việc, bao gồm cả backend và frontend.\n* 1-2 Tester: kiểm tra và đảm bảo chất lượng của hệ thống.\n* 1 Designer: thiết kế giao diện người dùng và trải nghiệm người dùng.\n* 1 DevOps: đảm bảo hệ thống được triển khai và vận hành ổn định.\n\nTổng cộng, dự án này sẽ cần khoảng 6-8 người.\n\n**2. Chi phí hợp lý**\n\nNgân sách dự kiến cho dự án là 5 VND, tuy nhiên, đây là một con số khá thấp so với độ phức tạp của dự án. Dưới đây là một số ước tính chi phí hợp lý:\n\n* Nhân sự: 200.000.000 - 300.000.000 VND (tùy thuộc vào kinh nghiệm và kỹ năng của nhân sự)\n* Thiết bị và phần mềm: 50.000.000 - 100.000.000 VND (tùy thuộc vào yêu cầu của dự án)\n* Chi phí khác (điện, nước, internet, v.v.): 20.000.000 - 50.000.000 VND\n\nTổng chi phí dự kiến: 270.000.000 - 450.000.000 VND\n\n**3. Timeline**\n\nDự án này có thời gian dự kiến là 5 tháng, tuy nhiên, đây là một khoảng thời gian khá紧 so với độ phức tạp của dự án. Dưới đây là một số mốc thời gian quan trọng:\n\n* Tháng 1: Khảo sát yêu cầu, thiết kế hệ thống và lập kế hoạch dự án.\n* Tháng 2-3: Phát triển hệ thống.\n* Tháng 4: Kiểm tra và đảm bảo chất lượng.\n* Tháng 5: Triển khai và vận hành hệ thống.\n\n**4. Rủi ro & giải pháp**\n\nDưới đây là một số rủi ro và giải pháp có thể xảy ra:\n\n* Rủi ro: Thiếu nhân sự hoặc nhân sự không đủ kinh nghiệm.\nGiải pháp: Tuyển dụng nhân sự bổ sung hoặc đào tạo nhân sự hiện tại.\n* Rủi ro: Dự án bị chậm tiến độ.\nGiải pháp: Tăng cường quản lý dự án, phân bổ nguồn lực hợp lý và thường xuyên kiểm tra tiến độ.\n* Rủi ro: Hệ thống không đáp ứng yêu cầu.\nGiải pháp: Khảo sát yêu cầu kỹ lưỡng, thiết kế hệ thống cẩn thận và kiểm tra chất lượng thường xuyên.\n\n**5. Gợi ý sử dụng AI**\n\nDưới đây là một số gợi ý sử dụng AI trong dự án này:\n\n* Sử dụng AI để tự động hóa một số công việc quản lý công việc, chẳng hạn như phân loại và sắp xếp công việc.\n* Sử dụng AI để phân tích dữ liệu và đưa ra quyết định dựa trên dữ liệu.\n* Sử dụng AI để cải thiện trải nghiệm người dùng, chẳng hạn như sử dụng chatbot để hỗ trợ người dùng.\n\nTuy nhiên, cần lưu ý rằng việc sử dụng AI cũng cần phải được xem xét kỹ lưỡng và đảm bảo rằng nó phù hợp với yêu cầu và mục tiêu của dự án.', '2025-12-14 18:22:34');

	-- --------------------------------------------------------

	--
	-- Cấu trúc bảng cho bảng `project_reviews`
	--

	CREATE TABLE `project_reviews` (
	  `id` int(11) NOT NULL,
	  `project_id` int(11) NOT NULL,
	  `user_id` int(11) NOT NULL,
	  `rating` int(11) NOT NULL,
	  `comment` text DEFAULT NULL,
	  `created_at` timestamp NOT NULL DEFAULT current_timestamp()
	) ENGINE=InnoDB DEFAULT CHARSET=utf8mb4 COLLATE=utf8mb4_general_ci;

	-- --------------------------------------------------------

	--
	-- Cấu trúc bảng cho bảng `system_logs`
	--

	CREATE TABLE `system_logs` (
	  `id` int(11) NOT NULL,
	  `user_id` int(11) DEFAULT NULL,
	  `type` varchar(50) NOT NULL,
	  `action` varchar(100) NOT NULL,
	  `details` text DEFAULT NULL,
	  `ip_address` varchar(50) DEFAULT NULL,
	  `user_agent` text DEFAULT NULL,
	  `created_at` datetime DEFAULT current_timestamp()
	) ENGINE=InnoDB DEFAULT CHARSET=utf8mb4 COLLATE=utf8mb4_general_ci;

	-- --------------------------------------------------------

	--
	-- Cấu trúc bảng cho bảng `task_updates`
	--

	CREATE TABLE `task_updates` (
	  `id` int(11) NOT NULL,
	  `task_id` int(11) NOT NULL,
	  `updated_at` datetime NOT NULL,
	  `note` text DEFAULT NULL
	) ENGINE=InnoDB DEFAULT CHARSET=utf8mb4 COLLATE=utf8mb4_general_ci;

	-- --------------------------------------------------------

	--
	-- Cấu trúc bảng cho bảng `teams`
	--

	CREATE TABLE `teams` (
	  `id` int(11) NOT NULL,
	  `owner_id` int(11) NOT NULL,
	  `name` varchar(255) NOT NULL,
	  `description` text DEFAULT NULL,
	  `created_at` timestamp NOT NULL DEFAULT current_timestamp()
	) ENGINE=InnoDB DEFAULT CHARSET=utf8mb4 COLLATE=utf8mb4_general_ci;

	--
	-- Đang đổ dữ liệu cho bảng `teams`
	--

	INSERT INTO `teams` (`id`, `owner_id`, `name`, `description`, `created_at`) VALUES
	(1, 7, 'Nhóm abc', '', '2025-12-06 18:38:44'),
	(2, 7, 'nhóm bnc', 'làm dự án', '2025-12-06 18:39:08');

	-- --------------------------------------------------------

	--
	-- Cấu trúc bảng cho bảng `team_members`
	--

	CREATE TABLE `team_members` (
	  `id` int(11) NOT NULL,
	  `team_id` int(11) NOT NULL,
	  `user_id` int(11) NOT NULL,
	  `role` enum('owner','member') DEFAULT 'member',
	  `joined_at` timestamp NOT NULL DEFAULT current_timestamp()
	) ENGINE=InnoDB DEFAULT CHARSET=utf8mb4 COLLATE=utf8mb4_general_ci;

	--
	-- Đang đổ dữ liệu cho bảng `team_members`
	--

	INSERT INTO `team_members` (`id`, `team_id`, `user_id`, `role`, `joined_at`) VALUES
	(1, 2, 10, 'member', '2025-12-06 18:40:14'),
	(2, 2, 7, 'member', '2025-12-06 18:40:17'),
	(3, 2, 9, 'member', '2025-12-06 18:40:20'),
	(4, 2, 11, 'member', '2025-12-06 18:40:23'),
	(5, 2, 13, 'member', '2025-12-06 18:40:54'),
	(6, 1, 7, 'member', '2025-12-06 18:44:41'),
	(7, 1, 11, 'member', '2025-12-06 18:44:44'),
	(8, 1, 8, 'member', '2025-12-06 18:44:47');

	-- --------------------------------------------------------

	--
	-- Cấu trúc bảng cho bảng `todos`
	--

	CREATE TABLE `todos` (
	  `id` int(11) NOT NULL,
	  `user_id` int(11) NOT NULL,
	  `title` varchar(255) NOT NULL,
	  `status` enum('Chưa làm','Đang làm','Hoàn thành') DEFAULT 'Chưa làm',
	  `deadline` date DEFAULT NULL,
	  `created_at` datetime DEFAULT current_timestamp()
	) ENGINE=InnoDB DEFAULT CHARSET=utf8mb4 COLLATE=utf8mb4_general_ci;

	--
	-- Đang đổ dữ liệu cho bảng `todos`
	--

	INSERT INTO `todos` (`id`, `user_id`, `title`, `status`, `deadline`, `created_at`) VALUES
	(16, 7, 'Thu thập yêu cầu', 'Hoàn thành', '2025-12-05', '2025-12-05 23:01:04'),
	(17, 7, 'Xác định loại người dùng (User, Admin).', 'Hoàn thành', '2025-12-05', '2025-12-05 23:01:22'),
	(18, 7, 'Chức năng chính của hệ thống.', 'Hoàn thành', '2025-12-05', '2025-12-05 23:01:36'),
	(19, 7, 'Yêu cầu bảo mật và phân quyền.', 'Hoàn thành', '2025-12-06', '2025-12-05 23:02:00'),
	(20, 7, 'Yêu cầu tích hợp AI.', 'Hoàn thành', '2025-12-05', '2025-12-05 23:02:13'),
	(22, 8, 'Thiết kế cơ sở dữ liệu', 'Chưa làm', '2025-12-05', '2025-12-05 23:02:55'),
	(23, 8, 'Bảng users, bảng projects', 'Đang làm', '2025-12-05', '2025-12-05 23:03:20'),
	(24, 7, 'Thiết kế UI/UX', 'Hoàn thành', '2025-12-05', '2025-12-05 23:04:09'),
	(25, 9, 'Xây hệ thống đăng nhập/đăng ký + mã hoá mật khẩu', 'Đang làm', '2025-12-05', '2025-12-05 23:04:29'),
	(26, 9, 'Module quản lý dự án', 'Hoàn thành', '2025-12-05', '2025-12-05 23:04:48'),
	(27, 9, 'Lưu thông tin mô tả, complexity, time, budget', 'Hoàn thành', '2025-12-05', '2025-12-05 23:05:01'),
	(28, 11, 'Danh sách dự án, chi tiết dự án', 'Hoàn thành', '2025-12-05', '2025-12-05 23:05:23'),
	(29, 10, 'Module phân tích AI', 'Chưa làm', '2025-12-04', '2025-12-05 23:05:40'),
	(30, 10, 'Gọi API OpenRouter/DeepSeek, lưu nội dung phân tích AI vào DB', 'Đang làm', '2025-12-07', '2025-12-05 23:06:03'),
	(31, 8, 'Lấy bản phân tích gần nhất, phân tích lại nếu cần', 'Chưa làm', '2025-12-07', '2025-12-05 23:06:33'),
	(32, 7, 'Yêu cầu tích hợp AI', 'Hoàn thành', '2025-12-06', '2025-12-06 19:34:26'),
	(33, 10, 'abc', 'Chưa làm', '2025-12-07', '2025-12-06 22:51:31'),
	(34, 11, 'acvv', 'Chưa làm', '2025-12-06', '2025-12-06 22:51:38'),
	(35, 7, 'avvc', 'Hoàn thành', '2025-12-07', '2025-12-06 22:51:46'),
	(36, 9, 'axaa', 'Chưa làm', '2025-12-06', '2025-12-06 22:52:01'),
	(37, 8, 'vavad', 'Chưa làm', '2025-12-06', '2025-12-06 22:52:11'),
	(38, 10, 'fdafda', 'Chưa làm', '2025-12-06', '2025-12-06 22:52:18'),
	(39, 7, 'fdaffd', 'Hoàn thành', '0000-00-00', '2025-12-06 22:52:24'),
	(40, 9, 'Quản lý dự án', 'Chưa làm', '2025-12-11', '2025-12-11 08:12:47'),
	(41, 8, 'Phân tích chức năng', 'Chưa làm', '2025-12-11', '2025-12-11 08:13:13');

	-- --------------------------------------------------------

	--
	-- Cấu trúc bảng cho bảng `users`
	--

	CREATE TABLE `users` (
	  `id` int(11) NOT NULL,
	  `username` varchar(100) NOT NULL,
	  `email` varchar(255) NOT NULL,
	  `password` varchar(255) NOT NULL,
	  `role` enum('user','admin') DEFAULT 'user',
	  `status` enum('online','offline') DEFAULT 'offline',
	  `avatar` varchar(255) DEFAULT NULL,
	  `created_at` datetime DEFAULT current_timestamp(),
	  `last_active` datetime DEFAULT current_timestamp()
	) ENGINE=InnoDB DEFAULT CHARSET=utf8mb4 COLLATE=utf8mb4_general_ci;

	--
	-- Đang đổ dữ liệu cho bảng `users`
	--

	INSERT INTO `users` (`id`, `username`, `email`, `password`, `role`, `status`, `avatar`, `created_at`, `last_active`) VALUES
	(7, 'hoanganh', 'nha@gmail.com', '$2y$10$99ZDkEK1C6jRGLKXwUEH2OVRj1HVnXK9G344i/9zm8Yn0FIK3DJ9.', 'admin', 'offline', 'uploads/avatars/user7_1764950948.jpg', '2025-12-05 22:52:28', '2025-12-14 18:06:58'),
	(8, 'tuanvi', 'dtv@gmail.com', '$2y$10$bqserS3DnLA4QTjceb/PEOB.vUrlveYtyG0Hjyqc.JMms6HI8ZpA2', 'user', 'offline', 'uploads/avatars/user8_1764950990.jpg', '2025-12-05 22:57:31', '2025-12-05 23:09:52'),
	(9, 'quangnam', 'hqn@gmail.com', '$2y$10$jU7d7NTxii9pt4ACUIiWqOUOxOTNiaGo71ZQq2HU7jjetEpMRlgQK', 'user', 'offline', 'uploads/avatars/user9_1764951010.jpg', '2025-12-05 22:58:10', '2025-12-11 08:28:34'),
	(10, 'ductrong', 'dtdt@gmail.com', '$2y$10$zu3Y6Exi547y6LopAvhqgufQQyy.bg.HdkHlemN98cMKfNKmRRVay', 'user', 'offline', NULL, '2025-12-05 22:58:30', '2025-12-05 22:58:31'),
	(11, 'longbao', 'tlb@gmail.com', '$2y$10$8SvEplW8fofFaQtKkWlyZukSDpaZHqbAoAP4vbawzgE0Nr.DP4Jfy', 'user', 'offline', 'uploads/avatars/user11_1765023779.jpg', '2025-12-05 22:58:55', '2025-12-06 19:23:10'),
	(12, 'mailinh', 'nml@gmail.com', '$2y$10$e15v3tV5ikIxRPbhS9Mv/eIyUcB5FYo8TkX58A5ki4ePTOub55IjO', 'user', 'offline', NULL, '2025-12-05 22:59:16', '2025-12-05 22:59:18'),
	(13, 'quockhanh', 'nqk@gmail.com', '$2y$10$B.GmvQ3A34tyOwxKxcq4teDt3/XF20.oeefWGBdgBTEU0BYy5yN7K', 'user', 'offline', NULL, '2025-12-05 22:59:42', '2025-12-05 22:59:47');

	--
	-- Chỉ mục cho các bảng đã đổ
	--

	--
	-- Chỉ mục cho bảng `ai_insights_logs`
	--
	ALTER TABLE `ai_insights_logs`
	  ADD PRIMARY KEY (`id`);

	--
	-- Chỉ mục cho bảng `ai_model_compare_logs`
	--
	ALTER TABLE `ai_model_compare_logs`
	  ADD PRIMARY KEY (`id`);

	--
	-- Chỉ mục cho bảng `events`
	--
	ALTER TABLE `events`
	  ADD PRIMARY KEY (`id`);

	--
	-- Chỉ mục cho bảng `login_logs`
	--
	ALTER TABLE `login_logs`
	  ADD PRIMARY KEY (`id`),
	  ADD KEY `user_id` (`user_id`);

	--
	-- Chỉ mục cho bảng `messages`
	--
	ALTER TABLE `messages`
	  ADD PRIMARY KEY (`id`),
	  ADD KEY `sender_id` (`sender_id`),
	  ADD KEY `receiver_id` (`receiver_id`);

	--
	-- Chỉ mục cho bảng `notifications`
	--
	ALTER TABLE `notifications`
	  ADD PRIMARY KEY (`id`);

	--
	-- Chỉ mục cho bảng `posts`
	--
	ALTER TABLE `posts`
	  ADD PRIMARY KEY (`id`),
	  ADD KEY `user_id` (`user_id`);

	--
	-- Chỉ mục cho bảng `post_comments`
	--
	ALTER TABLE `post_comments`
	  ADD PRIMARY KEY (`id`),
	  ADD KEY `post_id` (`post_id`),
	  ADD KEY `user_id` (`user_id`);

	--
	-- Chỉ mục cho bảng `post_likes`
	--
	ALTER TABLE `post_likes`
	  ADD PRIMARY KEY (`id`),
	  ADD UNIQUE KEY `unique_like` (`post_id`,`user_id`),
	  ADD KEY `user_id` (`user_id`);

	--
	-- Chỉ mục cho bảng `post_shares`
	--
	ALTER TABLE `post_shares`
	  ADD PRIMARY KEY (`id`),
	  ADD KEY `post_id` (`post_id`),
	  ADD KEY `user_id` (`user_id`);

	--
	-- Chỉ mục cho bảng `projects`
	--
	ALTER TABLE `projects`
	  ADD PRIMARY KEY (`id`),
	  ADD KEY `user_id` (`user_id`);

	--
	-- Chỉ mục cho bảng `project_ai_analyses`
	--
	ALTER TABLE `project_ai_analyses`
	  ADD PRIMARY KEY (`id`),
	  ADD KEY `project_id` (`project_id`);

	--
	-- Chỉ mục cho bảng `project_reviews`
	--
	ALTER TABLE `project_reviews`
	  ADD PRIMARY KEY (`id`);

	--
	-- Chỉ mục cho bảng `system_logs`
	--
	ALTER TABLE `system_logs`
	  ADD PRIMARY KEY (`id`),
	  ADD KEY `user_id` (`user_id`);

	--
	-- Chỉ mục cho bảng `task_updates`
	--
	ALTER TABLE `task_updates`
	  ADD PRIMARY KEY (`id`),
	  ADD KEY `task_id` (`task_id`);

	--
	-- Chỉ mục cho bảng `teams`
	--
	ALTER TABLE `teams`
	  ADD PRIMARY KEY (`id`),
	  ADD KEY `owner_id` (`owner_id`);

	--
	-- Chỉ mục cho bảng `team_members`
	--
	ALTER TABLE `team_members`
	  ADD PRIMARY KEY (`id`),
	  ADD KEY `team_id` (`team_id`),
	  ADD KEY `user_id` (`user_id`);

	--
	-- Chỉ mục cho bảng `todos`
	--
	ALTER TABLE `todos`
	  ADD PRIMARY KEY (`id`),
	  ADD KEY `user_id` (`user_id`);

	--
	-- Chỉ mục cho bảng `users`
	--
	ALTER TABLE `users`
	  ADD PRIMARY KEY (`id`),
	  ADD UNIQUE KEY `username` (`username`),
	  ADD UNIQUE KEY `email` (`email`);

	--
	-- AUTO_INCREMENT cho các bảng đã đổ
	--

	--
	-- AUTO_INCREMENT cho bảng `ai_insights_logs`
	--
	ALTER TABLE `ai_insights_logs`
	  MODIFY `id` int(11) NOT NULL AUTO_INCREMENT, AUTO_INCREMENT=2;

	--
	-- AUTO_INCREMENT cho bảng `ai_model_compare_logs`
	--
	ALTER TABLE `ai_model_compare_logs`
	  MODIFY `id` int(11) NOT NULL AUTO_INCREMENT, AUTO_INCREMENT=17;

	--
	-- AUTO_INCREMENT cho bảng `events`
	--
	ALTER TABLE `events`
	  MODIFY `id` int(11) NOT NULL AUTO_INCREMENT, AUTO_INCREMENT=6;

	--
	-- AUTO_INCREMENT cho bảng `login_logs`
	--
	ALTER TABLE `login_logs`
	  MODIFY `id` int(11) NOT NULL AUTO_INCREMENT;

	--
	-- AUTO_INCREMENT cho bảng `messages`
	--
	ALTER TABLE `messages`
	  MODIFY `id` int(11) NOT NULL AUTO_INCREMENT, AUTO_INCREMENT=60;

	--
	-- AUTO_INCREMENT cho bảng `notifications`
	--
	ALTER TABLE `notifications`
	  MODIFY `id` int(11) NOT NULL AUTO_INCREMENT;

	--
	-- AUTO_INCREMENT cho bảng `posts`
	--
	ALTER TABLE `posts`
	  MODIFY `id` int(11) NOT NULL AUTO_INCREMENT, AUTO_INCREMENT=6;

	--
	-- AUTO_INCREMENT cho bảng `post_comments`
	--
	ALTER TABLE `post_comments`
	  MODIFY `id` int(11) NOT NULL AUTO_INCREMENT;

	--
	-- AUTO_INCREMENT cho bảng `post_likes`
	--
	ALTER TABLE `post_likes`
	  MODIFY `id` int(11) NOT NULL AUTO_INCREMENT, AUTO_INCREMENT=9;

	--
	-- AUTO_INCREMENT cho bảng `post_shares`
	--
	ALTER TABLE `post_shares`
	  MODIFY `id` int(11) NOT NULL AUTO_INCREMENT;

	--
	-- AUTO_INCREMENT cho bảng `projects`
	--
	ALTER TABLE `projects`
	  MODIFY `id` int(11) NOT NULL AUTO_INCREMENT, AUTO_INCREMENT=104;

	--
	-- AUTO_INCREMENT cho bảng `project_ai_analyses`
	--
	ALTER TABLE `project_ai_analyses`
	  MODIFY `id` int(11) NOT NULL AUTO_INCREMENT, AUTO_INCREMENT=15;

	--
	-- AUTO_INCREMENT cho bảng `project_reviews`
	--
	ALTER TABLE `project_reviews`
	  MODIFY `id` int(11) NOT NULL AUTO_INCREMENT;

	--
	-- AUTO_INCREMENT cho bảng `system_logs`
	--
	ALTER TABLE `system_logs`
	  MODIFY `id` int(11) NOT NULL AUTO_INCREMENT;

	--
	-- AUTO_INCREMENT cho bảng `task_updates`
	--
	ALTER TABLE `task_updates`
	  MODIFY `id` int(11) NOT NULL AUTO_INCREMENT;

	--
	-- AUTO_INCREMENT cho bảng `teams`
	--
	ALTER TABLE `teams`
	  MODIFY `id` int(11) NOT NULL AUTO_INCREMENT, AUTO_INCREMENT=3;

	--
	-- AUTO_INCREMENT cho bảng `team_members`
	--
	ALTER TABLE `team_members`
	  MODIFY `id` int(11) NOT NULL AUTO_INCREMENT, AUTO_INCREMENT=9;

	--
	-- AUTO_INCREMENT cho bảng `todos`
	--
	ALTER TABLE `todos`
	  MODIFY `id` int(11) NOT NULL AUTO_INCREMENT, AUTO_INCREMENT=42;

	--
	-- AUTO_INCREMENT cho bảng `users`
	--
	ALTER TABLE `users`
	  MODIFY `id` int(11) NOT NULL AUTO_INCREMENT, AUTO_INCREMENT=14;

	--
	-- Các ràng buộc cho các bảng đã đổ
	--

	--
	-- Các ràng buộc cho bảng `login_logs`
	--
	ALTER TABLE `login_logs`
	  ADD CONSTRAINT `login_logs_ibfk_1` FOREIGN KEY (`user_id`) REFERENCES `users` (`id`);

	--
	-- Các ràng buộc cho bảng `messages`
	--
	ALTER TABLE `messages`
	  ADD CONSTRAINT `messages_ibfk_1` FOREIGN KEY (`sender_id`) REFERENCES `users` (`id`) ON DELETE CASCADE ON UPDATE CASCADE,
	  ADD CONSTRAINT `messages_ibfk_2` FOREIGN KEY (`receiver_id`) REFERENCES `users` (`id`) ON DELETE CASCADE ON UPDATE CASCADE;

	--
	-- Các ràng buộc cho bảng `posts`
	--
	ALTER TABLE `posts`
	  ADD CONSTRAINT `posts_ibfk_1` FOREIGN KEY (`user_id`) REFERENCES `users` (`id`) ON DELETE CASCADE;

	--
	-- Các ràng buộc cho bảng `post_comments`
	--
	ALTER TABLE `post_comments`
	  ADD CONSTRAINT `post_comments_ibfk_1` FOREIGN KEY (`post_id`) REFERENCES `posts` (`id`) ON DELETE CASCADE,
	  ADD CONSTRAINT `post_comments_ibfk_2` FOREIGN KEY (`user_id`) REFERENCES `users` (`id`) ON DELETE CASCADE;

	--
	-- Các ràng buộc cho bảng `post_likes`
	--
	ALTER TABLE `post_likes`
	  ADD CONSTRAINT `post_likes_ibfk_1` FOREIGN KEY (`post_id`) REFERENCES `posts` (`id`) ON DELETE CASCADE,
	  ADD CONSTRAINT `post_likes_ibfk_2` FOREIGN KEY (`user_id`) REFERENCES `users` (`id`) ON DELETE CASCADE;

	--
	-- Các ràng buộc cho bảng `post_shares`
	--
	ALTER TABLE `post_shares`
	  ADD CONSTRAINT `post_shares_ibfk_1` FOREIGN KEY (`post_id`) REFERENCES `posts` (`id`) ON DELETE CASCADE,
	  ADD CONSTRAINT `post_shares_ibfk_2` FOREIGN KEY (`user_id`) REFERENCES `users` (`id`) ON DELETE CASCADE;

	--
	-- Các ràng buộc cho bảng `projects`
	--
	ALTER TABLE `projects`
	  ADD CONSTRAINT `projects_ibfk_1` FOREIGN KEY (`user_id`) REFERENCES `users` (`id`) ON DELETE CASCADE;

	--
	-- Các ràng buộc cho bảng `project_ai_analyses`
	--
	ALTER TABLE `project_ai_analyses`
	  ADD CONSTRAINT `project_ai_analyses_ibfk_1` FOREIGN KEY (`project_id`) REFERENCES `projects` (`id`) ON DELETE CASCADE;

	--
	-- Các ràng buộc cho bảng `system_logs`
	--
	ALTER TABLE `system_logs`
	  ADD CONSTRAINT `system_logs_ibfk_1` FOREIGN KEY (`user_id`) REFERENCES `users` (`id`) ON DELETE SET NULL;

	--
	-- Các ràng buộc cho bảng `task_updates`
	--
	ALTER TABLE `task_updates`
	  ADD CONSTRAINT `task_updates_ibfk_1` FOREIGN KEY (`task_id`) REFERENCES `todos` (`id`);

	--
	-- Các ràng buộc cho bảng `teams`
	--
	ALTER TABLE `teams`
	  ADD CONSTRAINT `teams_ibfk_1` FOREIGN KEY (`owner_id`) REFERENCES `users` (`id`) ON DELETE CASCADE;

	--
	-- Các ràng buộc cho bảng `team_members`
	--
	ALTER TABLE `team_members`
	  ADD CONSTRAINT `team_members_ibfk_1` FOREIGN KEY (`team_id`) REFERENCES `teams` (`id`) ON DELETE CASCADE,
	  ADD CONSTRAINT `team_members_ibfk_2` FOREIGN KEY (`user_id`) REFERENCES `users` (`id`) ON DELETE CASCADE;

	--
	-- Các ràng buộc cho bảng `todos`
	--
	ALTER TABLE `todos`
	  ADD CONSTRAINT `todos_ibfk_1` FOREIGN KEY (`user_id`) REFERENCES `users` (`id`) ON DELETE CASCADE ON UPDATE CASCADE;
	COMMIT;

	/*!40101 SET CHARACTER_SET_CLIENT=@OLD_CHARACTER_SET_CLIENT */;
	/*!40101 SET CHARACTER_SET_RESULTS=@OLD_CHARACTER_SET_RESULTS */;
	/*!40101 SET COLLATION_CONNECTION=@OLD_COLLATION_CONNECTION */;
